region_id,OPDs_Separate_house_Dwellings,OPDs_Separate_house_Persons,OPDs_SD_r_t_h_th_1_sty_Dwgs,OPDs_SD_r_t_h_th_1_sty_Psns,OPDs_SD_r_t_h_th_2_m_sty_Dwgs,OPDs_SD_r_t_h_th_2_m_sty_Psns,OPDs_SD_r_t_h_th_Tot_Dwgs,OPDs_SD_r_t_h_th_Tot_Psns,OPDs_F_u_ap_I_1or2_sty_blk_Ds,OPDs_F_u_ap_I_1or2_sty_blk_Ps,OPDs_F_u_ap_I_3_sty_blk_Dwgs,OPDs_F_u_ap_I_3_sty_blk_Psns,OPDs_F_u_ap_I_4_m_sty_blk_Ds,OPDs_F_u_ap_I_4_m_sty_blk_Ps,OPDs_Flt_un_apt_Att_house_Ds,OPDs_Flt_un_apt_Att_house_Ps,OPDs_Flt_unit_apart_Tot_Dwgs,OPDs_Flt_unit_apart_Tot_Psns,OPDs_Oth_dw_Cvn_cab_hboat_Ds,OPDs_Oth_dw_Cvn_cab_hboat_Ps,OPDs_Ot_dwg_Im_hm_tnt_SO_Ds,OPDs_Ot_dwg_Im_hm_tnt_SO_Ps,OPDs_Ot_dwg_Hs_f_att_sh_of_Ds,OPDs_Ot_dwg_Hs_f_att_sh_of_Ps,OPDs_Other_dwelling_Tot_Dwgs,OPDs_Other_dwelling_Tot_Psns,OPDs_Dwlling_structur_NS_Dwgs,OPDs_Dwlling_structur_NS_Psns,OPDs_Tot_OPDs_Dwellings,OPDs_Tot_OPDs_Persons,Unoccupied_PDs_Dwgs,Unoccupied_PDs_Psns,Total_PDs_Dwellings,Total_PDs_Persons
POA3000,7,11,19,48,32,71,51,119,745,1410,280,471,8471,15049,0,0,9496,16930,0,0,0,0,9,10,9,10,6,22,9569,17092,1527,0,11096,17092
POA3002,80,221,119,243,363,834,482,1077,168,273,739,1176,689,1158,3,0,1599,2607,0,0,0,0,7,12,7,12,0,0,2168,3917,370,0,2538,3917
POA3003,42,90,209,463,249,578,458,1041,227,456,212,473,408,832,0,0,847,1761,0,0,0,0,3,14,3,14,3,3,1353,2909,146,0,1499,2909
POA3004,6,15,0,0,0,0,0,0,92,153,329,613,3229,5982,0,0,3650,6748,0,0,0,0,0,3,0,3,0,0,3656,6766,797,0,4453,6766
POA3005,0,0,0,0,0,0,0,0,0,0,0,0,256,496,0,0,256,496,0,0,0,0,0,0,0,0,0,0,256,496,67,0,323,496
POA3006,0,0,0,0,128,271,128,271,13,20,272,567,4694,8938,3,3,4982,9528,0,0,0,0,0,3,0,3,0,3,5110,9805,1076,0,6186,9805
POA3008,0,0,9,22,37,93,46,115,15,34,0,4,2191,4037,0,0,2206,4075,10,13,0,0,0,0,10,13,0,0,2262,4203,619,0,2881,4203
POA3010,9,30,0,0,0,8,0,8,0,0,10,20,0,0,0,0,10,20,0,0,0,0,0,0,0,0,0,0,19,58,3,0,22,58
POA3011,3760,9500,360,725,550,1306,910,2031,1116,2360,539,983,472,813,11,23,2138,4179,0,0,0,0,32,100,32,100,15,32,6855,15842,703,0,7558,15842
POA3012,5533,14818,615,1287,596,1510,1211,2797,1401,2626,214,371,212,427,10,20,1837,3444,29,42,0,0,21,67,50,109,6,12,8637,21180,942,0,9579,21180
POA3013,4161,10514,169,311,408,1001,577,1312,496,855,87,130,27,63,3,4,613,1052,0,0,0,0,28,64,28,64,8,13,5387,12955,483,0,5870,12955
POA3015,4173,10813,528,1072,820,2117,1348,3189,550,890,38,55,0,0,4,4,592,949,0,0,0,0,40,101,40,101,7,6,6160,15058,648,0,6808,15058
POA3016,3370,9531,576,1166,643,1629,1219,2795,588,924,106,181,154,262,4,8,852,1375,78,104,0,3,34,70,112,177,4,0,5557,13878,587,0,6144,13878
POA3018,3597,9034,308,471,219,507,527,978,711,1139,40,70,8,11,4,7,763,1227,0,0,0,3,16,21,16,24,0,0,4903,11263,471,0,5374,11263
POA3019,1645,5150,340,938,92,258,432,1196,534,1162,0,3,10,16,0,0,544,1181,4,14,0,0,14,24,18,38,0,6,2639,7571,193,0,2832,7571
POA3020,11326,32914,598,1506,242,627,840,2133,1231,2510,104,220,51,110,13,24,1399,2864,0,0,0,3,32,73,32,76,7,21,13604,38008,1037,0,14641,38008
POA3021,14448,42820,579,1388,195,572,774,1960,1292,3050,124,301,170,309,16,43,1602,3703,3,7,3,6,16,47,22,60,6,10,16852,48553,1109,0,17961,48553
POA3022,904,2325,18,41,3,14,21,55,39,98,0,0,0,0,6,8,45,106,35,34,0,0,0,3,35,37,0,0,1005,2523,75,0,1080,2523
POA3023,15368,48225,651,1624,605,1686,1256,3310,390,858,0,0,0,0,4,11,394,869,0,3,0,0,3,4,3,7,6,15,17027,52426,1003,0,18030,52426
POA3024,5770,16661,31,69,6,15,37,84,91,166,11,44,0,0,3,5,105,215,3,3,0,7,0,0,3,10,3,3,5918,16973,443,0,6361,16973
POA3025,3286,8793,217,454,187,508,404,962,289,489,28,57,0,0,0,4,317,550,0,0,0,0,6,23,6,23,0,0,4013,10328,305,0,4318,10328
POA3026,0,0,0,0,0,0,0,0,0,0,0,0,0,0,0,0,0,0,47,59,3,0,3,5,53,64,0,0,53,64,0,0,53,64
POA3027,907,2639,19,49,84,251,103,300,21,39,0,0,0,0,0,0,21,39,0,0,0,0,0,0,0,0,0,0,1031,2978,139,0,1170,2978
POA3028,8826,24557,208,410,80,195,288,605,591,1132,7,14,0,0,0,0,598,1146,0,0,0,0,4,13,4,13,3,3,9719,26324,688,0,10407,26324
POA3029,19796,60007,967,2552,176,483,1143,3035,617,1233,11,25,38,84,4,5,670,1347,0,3,0,0,10,18,10,21,0,4,21619,64414,1614,0,23233,64414
POA3030,22734,67065,975,1964,679,1838,1654,3802,1244,2306,23,40,130,216,7,15,1404,2577,63,91,0,0,15,33,78,124,6,10,25876,73578,2069,0,27945,73578
POA3031,1905,4826,875,1777,1542,3614,2417,5391,402,661,954,1662,1577,3401,3,3,2936,5727,0,0,0,0,5,8,5,8,5,6,7268,15958,793,0,8061,15958
POA3032,4861,13652,582,1245,1162,2968,1744,4213,1154,2058,1199,2349,623,1144,11,20,2987,5571,0,0,0,0,28,61,28,61,7,17,9627,23514,829,0,10456,23514
POA3033,4219,11421,185,399,145,379,330,778,139,263,0,0,0,0,0,0,139,263,0,0,0,0,5,20,5,20,0,0,4693,12482,404,0,5097,12482
POA3034,3498,9373,140,313,83,196,223,509,256,554,8,22,0,0,3,3,267,579,0,0,0,0,9,17,9,17,0,0,3997,10478,278,0,4275,10478
POA3036,1809,5267,146,197,20,45,166,242,44,62,0,0,0,0,0,0,44,62,0,0,0,0,0,0,0,0,0,0,2019,5571,162,0,2181,5571
POA3037,11952,39867,633,1566,391,1068,1024,2634,984,2275,0,0,3,3,0,0,987,2278,0,0,0,0,3,4,3,4,3,8,13969,44791,801,0,14770,44791
POA3038,8188,26159,135,309,213,538,348,847,147,295,0,0,0,0,3,5,150,300,0,0,0,0,3,5,3,5,0,0,8689,27311,423,0,9112,27311
POA3039,3247,8946,355,716,349,831,704,1547,631,1074,429,631,231,380,0,0,1291,2085,0,0,0,0,23,45,23,45,3,17,5268,12640,450,0,5718,12640
POA3040,5585,16227,697,1314,458,1165,1155,2479,1683,2886,322,487,130,193,6,8,2141,3574,0,0,0,0,25,62,25,62,0,0,8906,22342,892,0,9798,22342
POA3041,3110,9043,209,416,122,302,331,718,407,711,67,98,21,33,0,0,495,842,0,0,0,0,10,23,10,23,3,14,3949,10640,297,0,4246,10640
POA3042,4474,11493,405,791,190,500,595,1291,551,1083,9,20,0,0,0,0,560,1103,0,0,0,0,7,13,7,13,0,0,5636,13900,448,0,6084,13900
POA3043,5416,14522,412,798,106,234,518,1032,509,884,0,0,0,0,3,7,512,891,3,7,3,0,10,22,16,29,9,32,6471,16506,465,0,6936,16506
POA3044,6563,17827,1012,1876,631,1465,1643,3341,813,1507,52,109,141,284,8,11,1014,1911,0,3,0,0,20,55,20,58,0,0,9240,23137,743,0,9983,23137
POA3045,22,54,0,0,0,0,0,0,0,0,0,0,0,0,0,0,0,0,0,0,0,0,0,0,0,0,0,0,22,54,3,0,25,54
POA3046,8319,22372,1276,2767,589,1409,1865,4176,796,1658,63,95,43,86,7,10,909,1849,0,0,0,3,18,38,18,41,9,16,11120,28454,929,0,12049,28454
POA3047,4929,15213,204,545,94,265,298,810,353,778,60,163,65,137,4,10,482,1088,0,0,0,0,0,0,0,0,9,21,5718,17132,488,0,6206,17132
POA3048,4325,14716,488,1575,80,278,568,1853,253,734,0,0,7,27,5,5,265,766,0,0,0,0,4,23,4,23,4,22,5166,17380,243,0,5409,17380
POA3049,2606,7720,100,188,190,393,290,581,18,29,0,0,0,0,0,0,18,29,66,86,0,0,6,7,72,93,0,0,2986,8423,168,0,3154,8423
POA3051,199,470,719,1624,1003,2510,1722,4134,417,833,882,1673,1414,2725,8,15,2721,5246,0,0,0,0,28,76,28,76,10,20,4680,9946,654,0,5334,9946
POA3052,157,513,132,310,390,1144,522,1454,198,371,261,454,391,737,0,0,850,1562,0,0,0,0,0,0,0,0,0,0,1529,3529,189,0,1718,3529
POA3053,182,447,427,847,711,1838,1138,2685,244,469,919,1590,3455,5882,0,3,4618,7944,0,0,0,0,21,45,21,45,13,29,5972,11150,730,0,6702,11150
POA3054,292,751,1789,3975,622,1619,2411,5594,171,298,531,962,67,89,0,4,769,1353,0,0,0,0,32,65,32,65,0,4,3504,7767,380,0,3884,7767
POA3055,2457,6634,627,1242,415,892,1042,2134,1840,3115,92,193,100,169,4,8,2036,3485,0,0,0,0,26,69,26,69,3,4,5564,12326,497,0,6061,12326
POA3056,4126,10690,1292,2682,738,1687,2030,4369,1690,3138,630,1088,738,1331,4,11,3062,5568,0,0,0,0,74,195,74,195,8,32,9300,20854,869,0,10169,20854
POA3057,1513,3782,415,887,571,1421,986,2308,684,1176,114,213,256,430,5,3,1059,1822,0,0,5,5,22,53,27,58,0,4,3585,7974,339,0,3924,7974
POA3058,8497,22990,852,1888,705,1815,1557,3703,986,1855,203,390,220,401,11,28,1420,2674,5,8,0,0,42,81,47,89,3,15,11524,29471,906,0,12430,29471
POA3059,3290,11456,35,96,39,112,74,208,19,52,0,0,0,0,0,0,19,52,0,0,0,0,0,0,0,0,0,0,3383,11716,149,0,3532,11716
POA3060,3817,10779,209,464,24,49,233,513,206,513,0,0,0,0,0,0,206,513,3,0,0,0,7,26,10,26,0,0,4266,11831,369,0,4635,11831
POA3061,1363,4599,42,124,65,154,107,278,51,78,0,0,0,0,0,0,51,78,135,161,0,0,7,20,142,181,3,5,1666,5141,89,0,1755,5141
POA3062,0,0,0,0,0,0,0,0,0,0,0,0,0,0,0,0,0,0,0,0,0,0,0,0,0,0,0,0,0,0,0,0,0,0
POA3063,196,632,0,0,0,0,0,0,0,0,0,0,0,0,0,0,0,0,0,0,0,0,0,0,0,0,0,0,196,632,27,0,223,632
POA3064,12919,43171,1454,4716,829,3082,2283,7798,172,379,0,0,0,0,0,6,172,385,0,0,0,0,4,12,4,12,10,20,15388,51386,937,0,16325,51386
POA3065,108,229,699,1489,766,1814,1465,3303,534,1038,532,914,1123,2530,3,3,2192,4485,0,0,0,0,45,93,45,93,3,7,3813,8117,424,0,4237,8117
POA3066,349,811,369,741,849,1809,1218,2550,242,421,264,406,628,1276,0,5,1134,2108,0,0,0,0,36,87,36,87,8,12,2745,5568,294,0,3039,5568
POA3067,529,1284,444,1021,284,687,728,1708,276,521,208,372,92,179,0,0,576,1072,0,0,0,0,11,28,11,28,3,0,1847,4092,172,0,2019,4092
POA3068,1893,4896,2236,4930,1264,3082,3500,8012,800,1380,675,1094,227,398,5,14,1707,2886,0,0,0,0,35,96,35,96,7,23,7142,15913,710,0,7852,15913
POA3070,5320,14388,1137,2519,578,1287,1715,3806,1292,2021,319,564,313,479,9,19,1933,3083,0,0,0,0,93,234,93,234,3,5,9064,21516,803,0,9867,21516
POA3071,4205,10928,396,848,176,437,572,1285,2130,3675,113,182,6,11,6,6,2255,3874,0,0,0,0,71,145,71,145,8,9,7111,16241,712,0,7823,16241
POA3072,7538,20465,951,2044,438,1047,1389,3091,1322,2504,341,591,299,622,4,8,1966,3725,3,4,3,0,76,194,82,198,8,7,10983,27486,812,0,11795,27486
POA3073,12970,34415,1902,3706,483,1136,2385,4842,2634,5039,7,15,62,135,17,56,2720,5245,5,7,0,0,46,120,51,127,9,10,18135,44639,1444,0,19579,44639
POA3074,6163,18038,139,330,75,191,214,521,433,960,0,0,0,0,5,14,438,974,0,0,3,4,4,10,7,14,0,0,6822,19547,445,0,7267,19547
POA3075,6180,17907,190,515,96,284,286,799,201,439,0,6,0,0,0,3,201,448,0,0,0,0,9,28,9,28,0,0,6676,19182,461,0,7137,19182
POA3076,6850,21058,508,1491,463,1351,971,2842,565,1145,37,76,4,10,0,4,606,1235,0,0,0,0,3,7,3,7,3,6,8433,25148,437,0,8870,25148
POA3078,2401,6777,261,543,196,435,457,978,1182,1856,55,85,0,0,7,5,1244,1946,0,0,3,0,17,48,20,48,4,14,4126,9763,314,0,4440,9763
POA3079,3660,10606,479,853,410,902,889,1755,866,1463,67,106,31,64,3,9,967,1642,0,0,0,0,9,15,9,15,3,5,5528,14023,496,0,6024,14023
POA3081,3604,9082,512,1089,262,723,774,1812,694,1405,7,17,25,50,46,92,772,1564,0,0,0,4,8,11,8,15,0,0,5158,12473,408,0,5566,12473
POA3082,9072,28062,116,279,181,501,297,780,236,477,11,22,9,22,5,5,261,526,0,0,0,0,0,10,0,10,0,3,9630,29381,407,0,10037,29381
POA3083,8462,23943,133,308,345,959,478,1267,424,828,205,372,16,13,7,6,652,1219,0,0,0,0,3,8,3,8,0,0,9595,26437,656,0,10251,26437
POA3084,6933,18996,496,956,363,820,859,1776,1044,1890,79,144,103,195,5,7,1231,2236,0,0,0,0,10,20,10,20,5,10,9038,23038,685,0,9723,23038
POA3085,4178,11187,348,608,121,265,469,873,138,273,76,102,9,17,3,4,226,396,3,0,0,0,6,15,9,15,0,3,4882,12474,370,0,5252,12474
POA3086,0,3,0,0,0,0,0,0,0,0,0,0,0,0,0,0,0,0,0,0,0,0,0,0,0,0,0,0,0,3,0,0,0,3
POA3087,3062,8055,102,180,45,124,147,304,148,257,4,5,9,11,0,0,161,273,0,0,0,0,4,3,4,3,0,0,3374,8635,223,0,3597,8635
POA3088,8411,23450,359,638,207,439,566,1077,339,576,0,0,21,36,16,21,376,633,0,0,0,0,8,15,8,15,0,0,9361,25175,579,0,9940,25175
POA3089,3453,10650,24,33,69,167,93,200,91,180,0,0,0,0,0,0,91,180,0,0,0,0,0,0,0,0,4,8,3641,11038,195,0,3836,11038
POA3090,603,2041,3,4,0,0,3,4,0,4,0,0,0,0,0,0,0,4,0,0,0,0,0,0,0,0,4,0,610,2049,28,0,638,2049
POA3091,447,1453,0,3,0,0,0,3,0,0,0,0,0,0,0,0,0,0,0,0,0,0,3,6,3,6,0,0,450,1462,43,0,493,1462
POA3093,987,2743,187,322,112,220,299,542,45,85,39,45,0,0,0,0,84,130,0,0,0,0,0,3,0,3,0,3,1370,3421,126,0,1496,3421
POA3094,2781,7364,385,669,68,147,453,816,126,216,0,0,0,0,4,16,130,232,0,0,0,0,8,15,8,15,0,0,3372,8427,228,0,3600,8427
POA3095,8437,25317,287,465,120,288,407,753,192,324,7,11,0,0,7,11,206,346,0,4,0,0,10,26,10,30,4,9,9064,26455,520,0,9584,26455
POA3096,564,1793,4,6,0,0,4,6,0,0,0,0,0,0,4,3,4,3,0,0,0,0,0,0,0,0,0,0,572,1802,32,0,604,1802
POA3097,389,1137,19,37,0,0,19,37,0,0,0,0,0,0,0,0,0,0,0,0,0,0,0,0,0,0,0,0,408,1174,46,0,454,1174
POA3099,1571,4599,0,3,0,0,0,3,34,50,0,0,0,0,7,10,41,60,7,13,0,0,0,7,7,20,0,0,1619,4682,117,0,1736,4682
POA3101,5119,14952,614,1285,745,1710,1359,2995,1231,2250,464,823,226,403,16,18,1937,3494,0,3,0,0,47,85,47,88,8,12,8470,21541,909,0,9379,21541
POA3102,1463,4315,273,535,102,279,375,814,291,565,0,0,0,0,0,0,291,565,0,0,0,0,8,10,8,10,0,3,2137,5707,175,0,2312,5707
POA3103,3744,10887,914,1739,197,528,1111,2267,614,1125,55,55,0,0,3,9,672,1189,0,0,0,0,30,67,30,67,0,0,5557,14410,489,0,6046,14410
POA3104,5935,17343,364,823,250,685,614,1508,269,510,16,32,0,0,9,13,294,555,0,0,0,0,13,24,13,24,0,0,6856,19430,577,0,7433,19430
POA3105,3479,9357,79,156,149,375,228,531,255,526,35,65,25,60,4,12,319,663,0,0,4,0,0,6,4,6,0,0,4030,10557,299,0,4329,10557
POA3106,4582,14059,182,363,307,697,489,1060,189,303,15,22,104,196,3,9,311,530,0,0,0,0,0,3,0,3,0,0,5382,15652,425,0,5807,15652
POA3107,3896,10536,222,482,303,794,525,1276,155,311,9,20,43,98,0,7,207,436,0,0,0,0,5,12,5,12,3,3,4636,12263,359,0,4995,12263
POA3108,5097,13807,573,1007,595,1617,1168,2624,388,759,137,217,144,240,4,8,673,1224,0,0,0,0,4,11,4,11,0,0,6942,17666,683,0,7625,17666
POA3109,7329,21035,829,1673,619,1621,1448,3294,608,1386,39,75,25,46,4,7,676,1514,0,0,0,0,4,10,4,10,0,0,9457,25853,713,0,10170,25853
POA3111,3381,9815,325,549,227,559,552,1108,51,98,7,16,0,0,4,0,62,114,0,0,0,0,3,0,3,0,0,0,3998,11037,292,0,4290,11037
POA3113,2637,8048,20,30,0,10,20,40,3,9,0,0,0,0,3,10,6,19,14,18,0,0,0,9,14,27,0,0,2677,8134,176,0,2853,8134
POA3114,1085,3487,0,8,0,0,0,8,0,0,0,0,0,0,4,0,4,0,0,0,0,0,0,0,0,0,0,0,1089,3495,66,0,1155,3495
POA3115,1157,3701,0,0,0,0,0,0,0,0,0,0,0,0,3,5,3,5,0,0,0,0,0,0,0,0,0,0,1160,3706,72,0,1232,3706
POA3116,3090,8533,4,11,36,73,40,84,13,26,0,0,0,0,0,4,13,30,0,0,0,0,0,5,0,5,0,0,3143,8652,218,0,3361,8652
POA3121,3221,7715,1682,3592,1692,3747,3374,7339,1156,1968,1474,2394,2070,4206,3,4,4703,8572,0,0,0,3,52,121,52,124,12,18,11362,23768,1260,0,12622,23768
POA3122,2894,8389,566,1198,530,1154,1096,2352,2004,3487,1905,3412,705,1091,16,19,4630,8009,0,0,0,0,47,111,47,111,7,13,8674,18874,1045,0,9719,18874
POA3123,2124,6242,541,1230,365,879,906,2109,978,1765,783,1363,292,475,3,0,2056,3603,0,0,0,0,24,53,24,53,8,15,5118,12022,512,0,5630,12022
POA3124,5016,14825,589,1230,244,607,833,1837,908,1684,39,81,49,61,3,3,999,1829,0,0,0,0,23,43,23,43,0,3,6871,18537,604,0,7475,18537
POA3125,3278,9385,508,900,273,723,781,1623,496,810,116,176,0,0,17,45,629,1031,0,0,0,0,4,5,4,5,3,5,4695,12049,407,0,5102,12049
POA3126,1842,5641,361,714,82,200,443,914,300,497,77,139,0,0,0,4,377,640,0,0,0,0,9,19,9,19,0,0,2671,7214,283,0,2954,7214
POA3127,4149,12754,1267,2431,287,711,1554,3142,588,987,28,47,63,112,4,3,683,1149,0,0,0,0,20,55,20,55,0,0,6406,17100,504,0,6910,17100
POA3128,3470,9901,985,1790,727,1755,1712,3545,760,1498,330,619,172,226,10,20,1272,2363,0,0,0,0,9,27,9,27,3,9,6466,15845,571,0,7037,15845
POA3129,4541,12287,836,1725,191,435,1027,2160,391,806,5,11,5,12,10,15,411,844,0,0,0,0,5,16,5,16,0,7,5984,15314,477,0,6461,15314
POA3130,8996,24805,805,1472,246,605,1051,2077,869,1506,15,27,54,114,11,18,949,1665,0,0,0,0,14,28,14,28,0,3,11010,28578,842,0,11852,28578
POA3131,5956,16007,939,1552,243,627,1182,2179,799,1550,4,15,19,28,5,8,827,1601,0,0,0,0,7,30,7,30,4,8,7976,19825,596,0,8572,19825
POA3132,4062,10840,869,1603,359,863,1228,2466,354,729,3,5,0,0,3,4,360,738,0,0,0,0,0,0,0,0,4,5,5654,14049,444,0,6098,14049
POA3133,6731,18979,142,252,162,440,304,692,391,642,0,0,12,22,3,14,406,678,0,0,3,3,0,0,3,3,0,7,7444,20359,494,0,7938,20359
POA3134,8791,24910,1682,2923,209,477,1891,3400,360,704,115,200,68,123,10,27,553,1054,3,3,0,0,14,32,17,35,5,11,11257,29410,781,0,12038,29410
POA3135,5552,14847,1185,2087,100,224,1285,2311,294,552,13,18,0,4,12,28,319,602,0,0,0,0,13,38,13,38,5,8,7174,17806,574,0,7748,17806
POA3136,11799,32429,2631,4621,279,648,2910,5269,442,746,95,165,0,0,4,18,541,929,0,0,0,0,8,22,8,22,0,0,15258,38649,1003,0,16261,38649
POA3137,3893,10773,141,235,46,120,187,355,656,1141,0,0,0,0,3,0,659,1141,3,5,0,4,3,6,6,15,3,7,4748,12291,331,0,5079,12291
POA3138,6799,19264,64,119,25,68,89,187,188,335,0,0,0,0,7,11,195,346,0,0,0,0,10,19,10,19,3,3,7096,19819,424,0,7520,19819
POA3139,4307,12073,217,613,12,32,229,645,38,70,0,0,0,0,3,4,41,74,11,22,0,0,0,4,11,26,3,3,4591,12821,401,0,4992,12821
POA3140,4601,13248,480,762,71,150,551,912,354,585,0,0,18,30,3,5,375,620,55,63,0,4,5,9,60,76,3,5,5590,14861,340,0,5930,14861
POA3141,1355,3261,528,1062,857,1874,1385,2936,870,1455,3024,4881,2443,4193,3,5,6340,10534,0,0,0,0,27,37,27,37,7,9,9114,16777,1467,0,10581,16777
POA3142,1904,5200,218,427,653,1417,871,1844,1164,2002,1102,1840,438,689,4,10,2708,4541,0,0,0,0,3,4,3,4,0,4,5486,11593,951,0,6437,11593
POA3143,1288,3516,380,759,556,1047,936,1806,444,741,1108,1824,9,19,3,8,1564,2592,0,0,0,0,17,50,17,50,8,9,3813,7973,437,0,4250,7973
POA3144,2103,6286,379,782,227,548,606,1330,604,1147,343,566,185,280,0,0,1132,1993,0,0,0,0,36,65,36,65,3,6,3880,9680,357,0,4237,9680
POA3145,4793,14035,877,1925,395,903,1272,2828,1183,2124,315,580,113,151,33,47,1644,2902,0,0,0,0,52,114,52,114,3,4,7764,19883,682,0,8446,19883
POA3146,5418,16493,792,1571,425,968,1217,2539,1825,3273,319,601,263,425,9,14,2416,4313,0,0,0,0,10,30,10,30,0,0,9061,23375,783,0,9844,23375
POA3147,3920,10906,415,798,135,356,550,1154,308,590,0,0,0,0,60,112,368,702,0,0,0,0,24,56,24,56,0,0,4862,12818,352,0,5214,12818
POA3148,2050,5537,398,893,264,646,662,1539,146,284,3,3,16,34,3,3,168,324,0,0,0,0,3,3,3,3,0,5,2883,7408,227,0,3110,7408
POA3149,9346,25528,901,1861,487,1339,1388,3200,872,1813,25,60,42,76,9,17,948,1966,0,0,0,3,14,32,14,35,7,14,11703,30743,848,0,12551,30743
POA3150,17040,48586,1143,2439,690,1993,1833,4432,934,1889,45,104,74,144,6,18,1059,2155,0,0,0,0,10,37,10,37,5,19,19947,55229,1412,0,21359,55229
POA3151,3300,9049,218,436,66,165,284,601,27,52,31,40,0,0,3,6,61,98,0,0,0,0,4,8,4,8,0,3,3649,9759,240,0,3889,9759
POA3152,9251,27527,649,957,322,719,971,1676,258,386,0,0,10,12,7,14,275,412,143,184,0,0,7,30,150,214,3,3,10650,29832,636,0,11286,29832
POA3153,5371,14690,1181,2088,107,260,1288,2348,779,1368,33,64,27,58,9,13,848,1503,8,13,0,0,10,13,18,26,3,3,7528,18570,474,0,8002,18570
POA3154,1396,3887,10,19,13,28,23,47,33,55,0,0,0,0,10,10,43,65,0,0,0,0,0,4,0,4,0,3,1462,4006,88,0,1550,4006
POA3155,6266,16162,1172,2121,194,444,1366,2565,274,518,44,102,179,304,8,16,505,940,0,0,0,0,3,8,3,8,0,0,8140,19675,544,0,8684,19675
POA3156,11341,32060,498,815,85,213,583,1028,489,873,11,11,0,0,17,37,517,921,4,3,0,0,10,40,14,43,3,0,12458,34052,675,0,13133,34052
POA3158,2095,5854,227,564,55,154,282,718,29,61,0,0,0,0,3,10,32,71,0,0,3,4,0,0,3,4,3,5,2415,6652,140,0,2555,6652
POA3159,810,2385,6,9,0,0,6,9,3,7,0,0,0,0,3,8,6,15,3,5,0,0,0,0,3,5,0,0,825,2414,59,0,884,2414
POA3160,2921,8150,70,145,58,160,128,305,68,88,0,0,0,0,3,5,71,93,0,4,0,0,8,11,8,15,5,10,3133,8573,181,0,3314,8573
POA3161,2553,7569,609,1389,361,797,970,2186,1527,2836,322,563,113,216,5,3,1967,3618,0,0,0,0,16,22,16,22,4,3,5510,13398,537,0,6047,13398
POA3162,3420,9702,966,2028,464,1140,1430,3168,1169,2183,33,49,0,0,5,4,1207,2236,0,0,0,0,31,73,31,73,3,3,6091,15182,583,0,6674,15182
POA3163,4738,13346,1973,3947,547,1348,2520,5295,4574,8289,300,582,32,41,6,11,4912,8923,0,0,3,3,63,121,66,124,6,11,12242,27699,985,0,13227,27699
POA3165,7781,21225,748,1593,267,776,1015,2369,588,1216,15,24,0,0,0,0,603,1240,0,0,3,3,22,47,25,50,3,5,9427,24889,705,0,10132,24889
POA3166,5251,14895,792,1636,275,724,1067,2360,1467,3387,151,284,43,77,5,13,1666,3761,0,0,0,0,39,95,39,95,3,9,8026,21120,585,0,8611,21120
POA3167,2917,8127,41,83,27,75,68,158,222,427,0,0,0,0,5,5,227,432,0,0,0,0,0,0,0,0,0,0,3212,8717,180,0,3392,8717
POA3168,3099,8579,699,1784,426,1250,1125,3034,1191,2958,141,245,159,264,13,36,1504,3503,0,0,0,0,3,0,3,0,7,18,5738,15134,396,0,6134,15134
POA3169,4343,12691,872,2175,331,1033,1203,3208,765,1893,28,75,89,190,3,6,885,2164,0,0,3,3,10,19,13,22,0,3,6444,18088,421,0,6865,18088
POA3170,5785,15953,99,175,172,444,271,619,145,311,0,0,0,0,3,6,148,317,3,5,0,0,9,26,12,31,0,0,6216,16920,398,0,6614,16920
POA3171,4624,14669,572,1532,160,432,732,1964,857,1965,106,141,48,104,5,12,1016,2222,100,109,0,0,14,35,114,144,3,4,6489,19003,419,0,6908,19003
POA3172,6142,18763,461,953,150,432,611,1385,497,1078,22,53,47,85,0,0,566,1216,100,117,0,0,4,18,104,135,0,0,7423,21499,363,0,7786,21499
POA3173,5271,16758,632,1821,125,394,757,2215,87,134,3,8,0,0,0,4,90,146,0,4,3,0,3,12,6,16,6,17,6130,19152,259,0,6389,19152
POA3174,8211,24003,740,1595,304,810,1044,2405,3070,6494,122,241,339,725,10,22,3541,7482,0,0,0,0,13,27,13,27,3,6,12812,33923,754,0,13566,33923
POA3175,10250,31116,746,1620,214,590,960,2210,4253,9910,103,242,241,495,68,141,4665,10788,429,593,0,3,20,61,449,657,11,13,16335,44784,1318,0,17653,44784
POA3177,3063,8614,38,92,3,16,41,108,417,826,0,0,0,0,0,0,417,826,0,9,0,7,4,6,4,22,3,4,3528,9574,329,0,3857,9574
POA3178,10325,32620,332,496,87,196,419,692,164,338,0,0,0,0,3,3,167,341,0,0,0,0,3,15,3,15,0,3,10914,33671,526,0,11440,33671
POA3179,1917,5565,12,36,32,108,44,144,14,27,0,0,0,0,0,0,14,27,0,0,0,0,0,0,0,0,0,0,1975,5736,98,0,2073,5736
POA3180,2207,6044,241,485,92,207,333,692,79,155,0,0,0,0,0,0,79,155,0,3,0,0,0,3,0,6,0,0,2619,6897,165,0,2784,6897
POA3181,2165,5026,1130,2413,665,1400,1795,3813,1056,1794,1991,3189,1273,1894,3,4,4323,6881,0,0,0,0,27,56,27,56,9,17,8319,15793,1048,0,9367,15793
POA3182,1078,2661,547,1234,637,1338,1184,2572,2044,3310,3855,5993,1852,2939,0,5,7751,12247,4,5,0,3,69,118,73,126,3,5,10089,17611,1653,0,11742,17611
POA3183,1877,5306,561,1301,410,1023,971,2324,2140,3968,2662,4549,127,188,3,10,4932,8715,0,0,0,3,15,25,15,28,5,3,7800,16376,939,0,8739,16376
POA3184,1301,3613,399,902,369,808,768,1710,2179,3619,2388,3824,106,161,0,6,4673,7610,0,0,3,6,26,51,29,57,0,0,6771,12990,904,0,7675,12990
POA3185,2202,6337,396,825,226,547,622,1372,1475,2446,464,784,49,105,3,5,1991,3340,0,0,0,0,21,55,21,55,8,15,4844,11119,522,0,5366,11119
POA3186,4777,13549,675,1313,594,1380,1269,2693,1281,2321,129,233,207,368,3,9,1620,2931,0,0,0,0,32,54,32,54,12,20,7710,19247,952,0,8662,19247
POA3187,3872,11199,510,1021,508,1166,1018,2187,457,799,9,16,288,378,3,4,757,1197,0,0,0,0,22,49,22,49,3,4,5672,14636,546,0,6218,14636
POA3188,4117,11939,762,1486,279,711,1041,2197,783,1281,141,249,9,13,4,10,937,1553,0,0,0,0,14,39,14,39,3,6,6112,15734,494,0,6606,15734
POA3189,1628,4231,198,369,52,116,250,485,132,254,0,0,0,0,0,0,132,254,0,0,0,0,16,29,16,29,0,0,2026,4999,157,0,2183,4999
POA3190,2632,6980,656,1258,243,550,899,1808,416,737,0,0,5,8,4,5,425,750,0,0,5,0,11,18,16,18,0,3,3972,9559,264,0,4236,9559
POA3191,2139,6201,399,790,185,466,584,1256,371,577,207,303,89,123,3,3,670,1006,0,0,0,0,5,10,5,10,7,10,3405,8483,346,0,3751,8483
POA3192,5431,14566,932,1640,196,462,1128,2102,1202,2126,31,51,81,137,6,3,1320,2317,0,0,0,0,12,31,12,31,4,9,7895,19025,616,0,8511,19025
POA3193,5289,14750,609,1094,489,1137,1098,2231,400,666,22,29,0,0,3,4,425,699,0,0,0,0,23,57,23,57,0,0,6835,17737,705,0,7540,17737
POA3194,2383,6577,528,1008,280,665,808,1673,1544,2485,20,40,3,9,3,7,1570,2541,0,0,0,0,14,34,14,34,0,0,4775,10825,474,0,5249,10825
POA3195,8393,24753,1318,2487,791,1914,2109,4401,1630,2676,98,149,78,134,6,11,1812,2970,0,0,0,0,44,93,44,93,3,3,12361,32220,1056,0,13417,32220
POA3196,5893,15434,1423,2505,490,1079,1913,3584,1388,2386,0,0,0,0,11,32,1399,2418,225,319,0,0,32,65,257,384,4,9,9466,21829,829,0,10295,21829
POA3197,2690,7361,380,730,636,1363,1016,2093,616,934,50,89,0,0,0,0,666,1023,0,0,0,3,7,14,7,17,4,6,4383,10500,537,0,4920,10500
POA3198,4798,11870,319,536,266,524,585,1060,1139,1788,26,41,0,0,3,6,1168,1835,72,91,0,0,11,23,83,114,0,0,6634,14879,585,0,7219,14879
POA3199,16438,42259,1106,1791,263,532,1369,2323,2518,3939,107,162,5,7,8,10,2638,4118,51,68,0,3,11,21,62,92,11,20,20518,48812,2063,0,22581,48812
POA3200,2017,4922,41,86,24,63,65,149,103,141,0,0,0,0,0,3,103,144,0,0,0,5,0,10,0,15,0,0,2185,5230,189,0,2374,5230
POA3201,5672,15672,496,850,110,248,606,1098,246,516,0,0,20,30,0,6,266,552,159,243,0,0,3,6,162,249,3,7,6709,17578,358,0,7067,17578
POA3202,740,2213,12,23,36,102,48,125,8,33,4,4,54,96,0,0,66,133,0,0,0,0,0,0,0,0,0,0,854,2471,62,0,916,2471
POA3204,6754,19385,1166,2456,478,1292,1644,3748,1735,3253,133,266,13,18,10,26,1891,3563,0,0,0,3,94,206,94,209,9,15,10392,26920,861,0,11253,26920
POA3205,798,1795,560,1157,664,1548,1224,2705,239,352,337,584,1449,2648,3,0,2028,3584,0,0,0,0,64,138,64,138,5,11,4119,8233,513,0,4632,8233
POA3206,1280,3140,1316,2921,578,1489,1894,4410,341,609,346,528,293,437,4,8,984,1582,0,0,0,0,21,56,21,56,4,6,4183,9194,631,0,4814,9194
POA3207,680,1644,1133,2389,1512,3731,2645,6120,308,539,542,831,2342,4000,0,0,3192,5370,0,3,0,0,19,38,19,41,6,10,6542,13185,1011,0,7553,13185
POA3211,453,1307,3,3,0,0,3,3,0,0,0,0,0,0,0,0,0,0,0,0,0,3,0,0,0,3,0,6,456,1319,39,0,495,1319
POA3212,4352,12229,138,234,11,16,149,250,184,312,0,0,0,0,0,5,184,317,3,14,3,12,3,8,9,34,0,3,4694,12833,351,0,5045,12833
POA3214,8058,20510,305,467,45,92,350,559,604,947,0,0,0,0,0,0,604,947,0,0,0,0,9,27,9,27,0,0,9021,22043,686,0,9707,22043
POA3215,6727,16596,300,472,125,254,425,726,529,845,21,34,0,0,4,5,554,884,29,42,0,0,0,0,29,42,4,7,7739,18255,624,0,8363,18255
POA3216,16448,43449,907,1370,92,173,999,1543,1886,2818,10,6,0,0,14,26,1910,2850,223,315,0,0,9,27,232,342,4,4,19593,48188,1670,0,21263,48188
POA3217,348,1120,0,0,0,0,0,0,25,40,3,11,0,0,0,0,28,51,0,0,0,0,0,0,0,0,0,0,376,1171,16,0,392,1171
POA3218,4022,9854,312,463,122,247,434,710,940,1305,0,0,0,0,0,3,940,1308,0,0,0,0,6,13,6,13,3,3,5405,11888,538,0,5943,11888
POA3219,6776,16559,439,718,67,153,506,871,964,1382,9,10,0,0,4,9,977,1401,0,0,3,3,7,23,10,26,0,0,8269,18857,618,0,8887,18857
POA3220,4396,11178,359,577,283,553,642,1130,857,1294,45,65,82,141,17,26,1001,1526,0,0,0,0,36,78,36,78,4,11,6079,13923,766,0,6845,13923
POA3221,2408,7042,5,11,11,27,16,38,91,137,0,0,0,0,9,14,100,151,45,75,0,4,0,0,45,79,3,8,2572,7318,731,0,3303,7318
POA3222,4158,10836,161,216,3,10,164,226,113,179,0,0,0,0,3,4,116,183,14,19,0,0,8,24,22,43,0,5,4460,11293,581,0,5041,11293
POA3223,2516,5463,73,103,36,79,109,182,152,258,3,0,0,0,3,3,158,261,14,18,3,3,3,6,20,27,0,0,2803,5933,3020,0,5823,5933
POA3224,3274,8884,34,62,10,35,44,97,234,372,8,9,0,0,0,4,242,385,91,141,0,0,0,0,91,141,3,5,3654,9512,341,0,3995,9512
POA3225,1406,3125,107,141,14,25,121,166,32,48,0,0,0,0,3,4,35,52,0,0,0,0,8,17,8,17,0,0,1570,3360,1697,0,3267,3360
POA3226,4219,10815,75,129,59,123,134,252,278,435,0,4,0,0,5,10,283,449,6,10,0,0,3,0,9,10,0,0,4645,11526,1767,0,6412,11526
POA3227,1372,3578,70,101,16,33,86,134,53,97,0,0,0,0,7,6,60,103,3,8,0,0,3,5,6,13,0,3,1524,3831,788,0,2312,3831
POA3228,4421,12127,92,162,236,557,328,719,306,512,4,15,0,0,8,8,318,535,16,39,0,0,9,10,25,49,3,16,5095,13446,2292,0,7387,13446
POA3230,866,1950,3,6,6,7,9,13,38,64,0,0,0,0,0,0,38,64,3,3,0,0,3,3,6,6,0,0,919,2033,1839,0,2758,2033
POA3231,477,1156,7,12,3,3,10,15,0,0,0,0,0,0,0,0,0,0,0,0,0,0,8,6,8,6,0,0,495,1177,1245,0,1740,1177
POA3232,273,587,22,48,22,45,44,93,39,66,0,0,10,14,5,6,54,86,0,3,0,0,0,0,0,3,3,6,374,775,1276,0,1650,775
POA3233,485,1027,59,90,61,141,120,231,48,74,5,6,0,0,0,4,53,84,5,4,0,0,5,21,10,25,0,0,668,1367,1362,0,2030,1367
POA3235,131,325,0,0,0,0,0,0,0,0,0,0,0,0,0,3,0,3,0,0,0,0,0,0,0,0,4,0,135,328,73,0,208,328
POA3236,104,231,3,3,0,0,3,3,0,0,0,0,0,0,0,0,0,0,0,0,0,0,0,0,0,0,0,0,107,234,63,0,170,234
POA3237,167,383,0,0,0,3,0,3,0,0,0,0,0,0,0,0,0,0,0,3,0,0,0,0,0,3,0,3,167,392,129,0,296,392
POA3238,61,143,0,4,0,0,0,4,0,0,0,0,0,0,0,0,0,0,0,0,0,0,0,0,0,0,0,0,61,147,49,0,110,147
POA3239,155,360,0,0,0,0,0,0,0,0,0,0,0,0,0,0,0,0,0,3,0,0,0,0,0,3,0,0,155,363,77,0,232,363
POA3240,681,2019,0,0,0,0,0,0,0,0,0,0,0,0,0,0,0,0,0,0,0,3,0,0,0,3,0,0,681,2022,62,0,743,2022
POA3241,800,1964,29,52,0,0,29,52,0,0,0,0,0,0,3,0,3,0,0,0,0,0,0,0,0,0,0,0,832,2016,155,0,987,2016
POA3242,298,688,0,0,0,0,0,0,0,0,0,0,0,0,0,0,0,0,3,3,0,0,0,4,3,7,0,0,301,695,61,0,362,695
POA3243,241,567,0,3,0,0,0,3,0,0,0,0,0,0,0,0,0,0,0,7,0,0,0,4,0,11,0,0,241,581,81,0,322,581
POA3249,1030,2748,6,16,0,0,6,16,0,0,0,0,0,0,0,0,0,0,0,0,3,0,0,0,3,0,0,0,1039,2764,172,0,1211,2764
POA3250,4082,10130,234,337,0,4,234,341,275,353,0,0,0,0,5,8,280,361,21,30,0,3,6,16,27,49,0,0,4623,10881,551,0,5174,10881
POA3251,273,606,0,8,0,0,0,8,0,0,0,0,0,0,0,0,0,0,3,0,0,0,0,0,3,0,0,0,276,614,62,0,338,614
POA3254,133,360,0,5,0,0,0,5,0,0,0,0,0,0,0,0,0,0,0,0,0,0,0,0,0,0,0,0,133,365,22,0,155,365
POA3260,1656,3946,12,20,8,12,20,32,82,103,0,0,0,0,0,0,82,103,10,16,0,0,3,3,13,19,0,3,1771,4103,280,0,2051,4103
POA3264,849,2035,8,12,3,10,11,22,58,71,0,0,0,0,0,0,58,71,8,14,0,0,13,21,21,35,0,0,939,2163,125,0,1064,2163
POA3265,929,2611,0,0,3,6,3,6,0,0,0,0,0,0,0,0,0,0,0,0,0,0,3,4,3,4,0,0,935,2621,109,0,1044,2621
POA3266,1180,3139,3,0,3,18,6,18,29,37,0,0,0,0,5,5,34,42,4,6,4,0,7,18,15,24,3,4,1238,3227,201,0,1439,3227
POA3267,94,275,0,0,0,0,0,0,0,0,0,0,0,0,0,0,0,0,0,0,0,0,0,0,0,0,0,0,94,275,25,0,119,275
POA3268,877,2330,6,9,0,0,6,9,0,0,0,0,0,0,0,0,0,0,0,0,0,0,0,0,0,0,0,0,883,2339,163,0,1046,2339
POA3269,318,838,0,0,0,0,0,0,3,3,0,0,0,0,0,0,3,3,6,10,0,0,3,3,9,13,0,0,330,854,185,0,515,854
POA3270,64,109,0,0,0,0,0,0,0,0,0,0,0,0,0,0,0,0,0,4,0,0,0,0,0,4,0,0,64,113,201,0,265,113
POA3272,654,1527,13,20,0,0,13,20,3,0,0,0,0,0,0,0,3,0,3,3,0,3,3,3,6,9,0,0,676,1556,151,0,827,1556
POA3273,47,119,0,0,0,0,0,0,0,0,0,0,0,0,0,0,0,0,0,0,0,0,0,0,0,0,0,0,47,119,13,0,60,119
POA3274,136,324,0,0,0,0,0,0,0,0,0,0,0,0,0,0,0,0,0,0,0,0,0,0,0,0,0,0,136,324,36,0,172,324
POA3275,165,470,0,0,0,0,0,0,0,0,0,0,0,0,0,0,0,0,0,0,0,0,0,0,0,0,0,0,165,470,8,0,173,470
POA3276,179,482,0,0,0,0,0,0,0,0,0,0,0,0,0,0,0,0,0,0,0,0,0,0,0,0,0,0,179,482,3,0,182,482
POA3277,582,1642,5,12,0,0,5,12,0,0,0,0,0,0,0,0,0,0,35,61,0,0,0,4,35,65,0,0,622,1719,47,0,669,1719
POA3278,143,427,0,0,0,0,0,0,0,0,0,0,0,0,0,0,0,0,0,0,4,0,0,0,4,0,0,0,147,427,9,0,156,427
POA3280,9251,23987,566,911,148,302,714,1213,1246,1910,72,100,16,29,4,3,1338,2042,20,30,0,5,33,69,53,104,0,3,11356,27349,1309,0,12665,27349
POA3281,543,1606,4,3,0,0,4,3,3,3,0,0,0,0,0,5,3,8,0,0,3,3,0,0,3,3,0,0,553,1620,37,0,590,1620
POA3282,788,2067,23,32,0,0,23,32,0,3,0,0,0,0,0,0,0,3,3,7,3,5,3,13,9,25,0,0,820,2127,87,0,907,2127
POA3283,324,900,0,0,0,0,0,0,0,0,0,0,0,0,0,0,0,0,0,0,0,0,0,0,0,0,0,0,324,900,23,0,347,900
POA3284,1098,2481,65,112,18,47,83,159,31,47,0,0,0,0,0,0,31,47,4,13,4,7,5,16,13,36,0,0,1225,2723,698,0,1923,2723
POA3285,443,1133,0,0,0,0,0,0,3,4,0,0,0,0,0,0,3,4,5,12,4,3,0,3,9,18,0,0,455,1155,95,0,550,1155
POA3286,241,579,0,0,3,3,3,3,3,0,0,0,0,0,0,0,3,0,0,3,3,3,3,8,6,14,0,0,253,596,55,0,308,596
POA3287,152,424,0,0,0,0,0,0,0,0,0,0,0,0,0,0,0,0,0,0,0,0,0,0,0,0,0,0,152,424,13,0,165,424
POA3289,281,657,0,0,0,0,0,0,0,0,0,0,0,0,0,0,0,0,0,0,0,0,0,0,0,0,0,0,281,657,33,0,314,657
POA3292,79,163,43,98,3,4,46,102,0,0,0,0,0,0,0,0,0,0,0,0,0,0,0,0,0,0,0,6,125,271,152,0,277,271
POA3293,117,244,0,0,0,0,0,0,0,0,0,0,0,0,0,0,0,0,0,0,0,0,0,0,0,0,0,0,117,244,39,0,156,244
POA3294,300,654,3,0,0,0,3,0,0,0,0,0,0,0,0,0,0,0,0,3,0,0,3,3,3,6,0,0,306,660,95,0,401,660
POA3300,3704,8718,72,107,0,0,72,107,305,388,0,0,0,0,0,0,305,388,25,26,5,13,17,33,47,72,0,4,4128,9289,549,0,4677,9289
POA3301,568,1552,3,3,3,5,6,8,0,0,0,0,0,0,0,0,0,0,0,0,0,0,0,0,0,0,0,0,574,1560,92,0,666,1560
POA3302,199,519,0,0,0,0,0,0,0,0,0,0,0,0,0,0,0,0,3,4,0,0,0,0,3,4,0,0,202,523,33,0,235,523
POA3303,162,390,0,0,0,0,0,0,0,0,0,0,0,0,0,0,0,0,0,0,0,3,0,0,0,3,0,0,162,393,44,0,206,393
POA3304,931,2180,52,90,0,0,52,90,3,0,0,0,0,0,0,0,3,0,8,8,0,0,0,5,8,13,0,0,994,2283,169,0,1163,2283
POA3305,4469,10783,122,177,16,34,138,211,271,394,0,0,0,0,5,8,276,402,26,39,8,18,5,8,39,65,3,12,4925,11473,844,0,5769,11473
POA3309,64,162,19,46,0,0,19,46,0,0,0,0,0,0,0,0,0,0,0,0,0,0,0,0,0,0,0,0,83,208,25,0,108,208
POA3310,155,348,0,0,5,4,5,4,0,0,0,0,0,0,0,0,0,0,0,0,0,0,0,0,0,0,0,0,160,352,33,0,193,352
POA3311,695,1492,0,0,0,0,0,0,30,35,0,0,0,0,0,0,30,35,3,3,0,0,3,3,6,6,0,0,731,1533,109,0,840,1533
POA3312,346,844,10,39,0,0,10,39,0,0,0,0,0,0,0,0,0,0,0,0,0,0,0,0,0,0,0,0,356,883,101,0,457,883
POA3314,274,735,0,0,0,0,0,0,0,0,0,0,0,0,0,0,0,0,0,0,0,0,0,0,0,0,0,0,274,735,68,0,342,735
POA3315,664,1493,0,0,0,0,0,0,9,9,0,0,0,0,0,0,9,9,0,0,0,0,8,15,8,15,0,0,681,1517,184,0,865,1517
POA3317,138,286,0,0,0,0,0,0,0,0,0,0,0,0,0,0,0,0,0,0,0,0,0,0,0,0,0,0,138,286,42,0,180,286
POA3318,379,814,0,3,3,3,3,6,39,43,0,0,0,0,0,0,39,43,3,3,0,3,4,12,7,18,0,0,428,881,116,0,544,881
POA3319,134,293,0,0,0,0,0,0,3,4,0,0,0,0,0,0,3,4,0,0,0,0,3,3,3,3,0,0,140,300,34,0,174,300
POA3321,400,1081,3,4,0,0,3,4,0,0,0,0,0,0,0,0,0,0,0,0,0,6,0,0,0,6,0,0,403,1091,47,0,450,1091
POA3324,241,493,0,3,0,0,0,3,7,11,0,0,0,0,0,0,7,11,0,0,4,3,3,5,7,8,4,6,259,521,77,0,336,521
POA3325,224,484,3,3,0,0,3,3,0,0,0,0,0,0,0,0,0,0,3,0,0,0,3,6,6,6,0,3,233,496,75,0,308,496
POA3328,479,1393,0,3,0,0,0,3,0,0,0,0,0,0,0,0,0,0,0,3,0,0,0,0,0,3,0,0,479,1399,36,0,515,1399
POA3329,114,300,0,0,0,0,0,0,0,0,0,0,0,0,0,0,0,0,0,0,0,0,0,0,0,0,0,0,114,300,18,0,132,300
POA3330,167,404,0,0,0,0,0,0,3,3,0,0,0,0,0,0,3,3,0,0,0,13,0,3,0,16,0,0,170,423,45,0,215,423
POA3331,1338,3893,3,3,0,0,3,3,0,3,0,0,0,0,0,0,0,3,3,3,4,14,0,0,7,17,0,0,1348,3916,115,0,1463,3916
POA3332,306,908,0,0,0,0,0,0,0,0,0,0,0,0,0,0,0,0,0,0,0,0,0,0,0,0,0,0,306,908,30,0,336,908
POA3333,258,677,0,0,0,0,0,0,10,19,0,0,0,0,0,0,10,19,3,6,0,0,3,4,6,10,0,0,274,706,28,0,302,706
POA3334,185,465,0,0,0,0,0,0,0,0,0,0,0,0,0,0,0,0,0,0,5,3,0,0,5,3,0,0,190,468,41,0,231,468
POA3335,472,1441,11,29,3,9,14,38,4,11,0,0,0,0,5,0,9,11,115,143,0,9,0,0,115,152,4,13,614,1655,46,0,660,1655
POA3337,10114,28688,333,689,40,92,373,781,428,761,0,0,0,0,10,16,438,777,3,3,0,0,7,25,10,28,0,0,10935,30274,789,0,11724,30274
POA3338,4866,13493,439,788,27,75,466,863,169,329,0,0,0,0,0,0,169,329,0,0,0,0,3,9,3,9,0,3,5504,14697,581,0,6085,14697
POA3340,5846,16329,65,109,28,57,93,166,357,535,23,20,0,0,8,8,388,563,36,47,0,0,3,5,39,52,0,0,6366,17110,442,0,6808,17110
POA3341,518,1420,0,0,0,0,0,0,0,0,0,0,0,0,0,0,0,0,0,3,0,0,0,0,0,3,0,0,518,1423,75,0,593,1423
POA3342,1080,2813,4,10,0,0,4,10,52,76,0,0,0,0,4,8,56,84,19,31,5,3,0,0,24,34,0,0,1164,2941,151,0,1315,2941
POA3345,440,1145,0,0,0,0,0,0,0,0,0,0,0,0,0,0,0,0,3,0,0,0,0,7,3,7,0,0,443,1152,57,0,500,1152
POA3350,17755,44739,1314,2162,257,565,1571,2727,1469,2226,24,37,12,14,3,4,1508,2281,23,33,4,3,35,91,62,127,6,11,20902,49885,2110,0,23012,49885
POA3351,2670,7162,12,30,0,0,12,30,5,8,0,0,0,0,4,3,9,11,5,13,4,6,0,0,9,19,0,5,2700,7227,465,0,3165,7227
POA3352,4923,13528,7,19,0,0,7,19,12,22,0,0,0,0,4,9,16,31,100,144,3,11,4,7,107,162,0,0,5053,13740,636,0,5689,13740
POA3355,4600,11031,323,420,10,29,333,449,293,418,18,33,0,0,4,0,315,451,0,0,4,0,0,3,4,3,0,0,5252,11934,486,0,5738,11934
POA3356,4471,11660,208,309,8,18,216,327,843,1203,0,0,0,0,0,4,843,1207,3,0,0,0,3,13,6,13,0,4,5536,13211,442,0,5978,13211
POA3357,1087,2964,19,31,0,0,19,31,42,64,0,0,0,0,0,0,42,64,0,0,0,0,0,0,0,0,0,0,1148,3059,57,0,1205,3059
POA3360,325,750,0,0,0,0,0,0,0,0,0,0,0,0,0,0,0,0,0,0,0,0,3,3,3,3,0,0,328,753,95,0,423,753
POA3361,358,846,0,0,0,0,0,0,0,0,0,0,0,0,0,0,0,0,0,0,0,0,0,0,0,0,0,0,358,846,107,0,465,846
POA3363,1167,2880,16,22,3,3,19,25,67,92,0,0,0,0,0,0,67,92,18,19,0,0,6,17,24,36,0,3,1277,3036,135,0,1412,3036
POA3364,760,1880,3,7,0,0,3,7,0,0,0,0,0,0,0,0,0,0,4,5,0,0,0,5,4,10,0,0,767,1897,158,0,925,1897
POA3370,638,1488,4,9,0,0,4,9,4,3,0,0,0,0,0,3,4,6,17,23,3,6,3,0,23,29,0,0,669,1532,188,0,857,1532
POA3371,454,1090,0,0,0,0,0,0,3,3,0,0,0,0,4,5,7,8,8,12,3,9,0,0,11,21,0,0,472,1119,128,0,600,1119
POA3373,743,1631,0,3,0,0,0,3,20,21,0,0,0,0,0,0,20,21,8,9,4,3,0,0,12,12,0,7,775,1674,176,0,951,1674
POA3374,191,462,3,3,0,0,3,3,0,4,0,0,0,0,0,0,0,4,26,29,0,0,3,5,29,34,0,3,223,506,38,0,261,506
POA3375,103,241,0,0,0,0,0,0,0,0,0,0,0,0,0,0,0,0,0,0,0,0,0,0,0,0,0,0,103,241,18,0,121,241
POA3377,3025,7260,61,100,3,3,64,103,173,245,0,0,0,0,3,0,176,245,21,29,0,0,11,31,32,60,0,0,3297,7668,414,0,3711,7668
POA3378,125,308,0,0,0,0,0,0,0,0,0,0,0,0,0,0,0,0,0,0,0,0,0,0,0,0,0,0,125,308,32,0,157,308
POA3379,228,517,3,7,0,0,3,7,3,5,0,0,0,0,0,0,3,5,0,0,0,0,3,9,3,9,0,0,237,538,68,0,305,538
POA3380,2268,5297,100,146,3,12,103,158,97,131,0,0,0,0,0,0,97,131,22,28,0,0,12,37,34,65,0,3,2502,5654,295,0,2797,5654
POA3381,385,861,0,0,0,0,0,0,5,4,0,0,0,0,0,0,5,4,8,17,0,3,4,8,12,28,0,0,402,893,409,0,811,893
POA3384,308,747,0,0,0,0,0,0,0,0,0,0,0,0,0,5,0,5,3,3,5,3,0,3,8,9,0,4,316,765,115,0,431,765
POA3385,217,551,0,0,0,0,0,0,0,0,0,0,0,0,0,0,0,0,0,0,0,0,0,0,0,0,0,0,217,551,55,0,272,551
POA3387,131,308,0,5,0,0,0,5,0,0,0,0,0,0,0,0,0,0,0,0,0,0,0,0,0,0,0,0,131,313,34,0,165,313
POA3388,220,501,0,4,0,0,0,4,0,0,0,0,0,0,0,0,0,0,0,0,0,0,0,0,0,0,0,0,220,505,55,0,275,505
POA3390,383,906,6,9,0,0,6,9,6,6,0,0,0,0,0,0,6,6,0,3,0,0,0,0,0,3,0,0,395,924,73,0,468,924
POA3391,97,241,0,0,0,0,0,0,0,0,0,0,0,0,0,0,0,0,0,0,0,0,4,3,4,3,0,0,101,244,29,0,130,244
POA3392,247,566,9,14,0,0,9,14,0,0,0,0,0,0,0,0,0,0,0,0,0,0,0,0,0,0,0,0,256,580,82,0,338,580
POA3393,1095,2404,13,20,0,0,13,20,21,30,0,0,0,0,0,0,21,30,4,5,0,0,3,8,7,13,0,3,1136,2470,162,0,1298,2470
POA3395,229,545,3,5,0,0,3,5,3,3,0,0,0,0,0,0,3,3,3,3,0,0,4,7,7,10,0,0,242,563,83,0,325,563
POA3396,230,468,0,6,0,0,0,6,0,0,0,0,0,0,0,0,0,0,3,0,0,0,3,6,6,6,0,7,236,487,59,0,295,487
POA3400,4969,11942,362,529,23,42,385,571,515,722,0,0,0,0,3,9,518,731,5,10,0,3,9,19,14,32,0,3,5886,13279,597,0,6483,13279
POA3401,1533,4210,0,7,0,5,0,12,0,0,0,0,0,0,0,0,0,0,21,29,5,13,0,0,26,42,0,0,1559,4264,334,0,1893,4264
POA3407,137,298,0,0,0,0,0,0,0,0,0,0,0,0,0,0,0,0,4,3,0,0,5,20,9,23,0,0,146,321,40,0,186,321
POA3409,404,950,4,3,0,0,4,3,0,3,0,0,0,0,0,0,0,3,7,5,0,3,0,0,7,8,0,0,415,964,102,0,517,964
POA3412,97,200,0,0,0,0,0,0,0,0,0,0,0,0,0,0,0,0,3,0,0,0,3,3,6,3,0,0,103,203,19,0,122,203
POA3413,89,238,0,0,0,0,0,0,0,0,0,0,0,0,0,0,0,0,0,0,0,0,0,0,0,0,0,0,89,238,39,0,128,238
POA3414,661,1497,0,0,0,0,0,0,23,23,0,0,0,0,0,0,23,23,4,7,0,0,9,18,13,25,0,0,697,1545,178,0,875,1545
POA3418,1047,2525,0,4,0,0,0,4,60,82,0,0,0,0,0,0,60,82,6,7,0,0,3,3,9,10,0,0,1116,2621,219,0,1335,2621
POA3419,420,947,3,4,0,0,3,4,4,5,0,0,0,0,0,0,4,5,0,0,3,3,0,6,3,9,0,0,430,965,77,0,507,965
POA3420,119,289,0,0,0,0,0,0,0,0,0,0,0,0,0,0,0,0,0,0,0,0,0,0,0,0,0,0,119,289,48,0,167,289
POA3423,221,524,0,0,0,0,0,0,9,6,0,0,0,0,0,0,9,6,0,0,0,0,0,0,0,0,0,0,230,530,111,0,341,530
POA3424,288,639,0,3,0,7,0,10,4,4,0,0,0,0,0,0,4,4,5,6,0,0,0,0,5,6,0,0,297,659,109,0,406,659
POA3427,825,2146,4,13,4,6,8,19,8,15,0,0,0,0,0,0,8,15,3,3,0,0,5,7,8,10,0,0,849,2190,52,0,901,2190
POA3428,213,622,0,0,0,0,0,0,0,0,0,0,0,0,0,0,0,0,0,0,0,3,0,0,0,3,0,0,213,625,21,0,234,625
POA3429,10768,30989,199,326,116,278,315,604,765,1187,5,6,0,0,0,0,770,1193,0,0,0,0,10,20,10,20,0,0,11863,32806,727,0,12590,32806
POA3430,142,377,3,0,3,3,6,3,3,3,0,0,0,0,0,0,3,3,0,0,0,0,0,0,0,0,0,0,151,383,24,0,175,383
POA3431,1201,3523,0,0,0,0,0,0,34,60,0,0,0,0,0,0,34,60,0,0,5,5,0,0,5,5,0,0,1240,3588,95,0,1335,3588
POA3433,88,273,0,0,0,0,0,0,0,0,0,0,0,0,0,0,0,0,0,0,0,0,0,3,0,3,0,0,88,276,8,0,96,276
POA3434,1443,4125,10,17,0,0,10,17,27,49,0,0,0,0,0,0,27,49,0,0,0,3,0,0,0,3,0,0,1480,4194,155,0,1635,4194
POA3435,929,2394,7,7,0,0,7,7,10,12,0,0,0,0,0,0,10,12,6,8,3,3,5,18,14,29,3,7,963,2449,150,0,1113,2449
POA3437,2658,7761,63,117,31,66,94,183,132,187,0,0,0,0,0,0,132,187,0,0,0,0,3,4,3,4,0,0,2887,8135,275,0,3162,8135
POA3438,715,2221,12,19,0,4,12,23,12,16,0,0,0,0,0,0,12,16,0,0,0,0,0,0,0,0,0,0,739,2260,51,0,790,2260
POA3440,646,1743,0,0,0,0,0,0,0,0,0,0,0,0,3,0,3,0,22,25,0,0,0,0,22,25,0,0,671,1768,81,0,752,1768
POA3441,458,1202,0,0,0,0,0,0,0,0,0,0,0,0,0,0,0,0,0,0,0,0,0,0,0,0,3,0,461,1202,136,0,597,1202
POA3442,2509,6561,0,0,0,0,0,0,39,54,0,0,0,0,0,0,39,54,0,4,0,4,0,0,0,8,0,0,2548,6623,428,0,2976,6623
POA3444,2984,7435,62,98,0,0,62,98,154,227,3,3,0,0,0,0,157,230,4,8,4,7,26,55,34,70,4,0,3241,7833,613,0,3854,7833
POA3446,210,513,0,0,0,0,0,0,0,0,0,0,0,0,0,5,0,5,0,3,0,0,4,3,4,6,0,0,214,524,46,0,260,524
POA3447,188,441,0,0,0,0,0,0,0,0,0,0,0,0,0,0,0,0,0,0,0,0,0,0,0,0,0,0,188,441,68,0,256,441
POA3448,264,620,0,0,0,0,0,0,0,0,0,0,0,0,0,0,0,0,0,0,0,0,0,0,0,0,0,0,264,620,60,0,324,620
POA3450,2585,5714,98,130,3,4,101,134,210,290,0,0,0,0,0,0,210,290,15,24,0,0,7,13,22,37,0,0,2918,6175,387,0,3305,6175
POA3451,1663,4022,5,7,4,10,9,17,23,31,0,0,0,0,0,3,23,34,6,7,0,4,7,7,13,18,0,3,1708,4094,355,0,2063,4094
POA3453,574,1443,0,0,0,0,0,0,0,0,0,0,0,0,0,0,0,0,0,0,0,0,0,0,0,0,0,0,574,1443,90,0,664,1443
POA3458,666,1485,3,3,0,0,3,3,17,22,0,0,0,0,0,0,17,22,0,0,0,0,0,3,0,3,0,0,686,1513,335,0,1021,1513
POA3460,1050,2133,51,79,4,10,55,89,39,50,0,0,0,0,0,0,39,50,3,9,0,0,6,9,9,18,0,0,1153,2290,583,0,1736,2290
POA3461,1524,3457,5,9,0,0,5,9,4,3,0,0,0,0,3,6,7,9,5,10,5,3,0,5,10,18,0,0,1546,3493,744,0,2290,3493
POA3462,399,863,13,16,0,0,13,16,0,0,0,0,0,0,0,0,0,0,3,4,0,0,3,14,6,18,3,3,421,900,121,0,542,900
POA3463,1115,2494,0,3,3,3,3,6,24,35,0,0,0,0,4,3,28,38,7,9,4,5,15,30,26,44,0,4,1172,2586,292,0,1464,2586
POA3464,418,1031,3,4,0,0,3,4,0,0,0,0,0,0,0,0,0,0,3,3,0,0,3,4,6,7,0,0,427,1042,59,0,486,1042
POA3465,3259,7476,143,205,7,13,150,218,211,284,0,0,0,0,3,3,214,287,33,44,0,0,21,45,54,89,0,0,3677,8070,462,0,4139,8070
POA3467,505,1110,6,5,0,0,6,5,12,12,0,0,0,0,0,0,12,12,10,15,0,0,6,14,16,29,0,3,539,1159,114,0,653,1159
POA3468,89,209,0,0,0,0,0,0,0,0,0,0,0,0,0,0,0,0,0,0,0,0,0,0,0,0,0,0,89,209,41,0,130,209
POA3469,176,385,0,0,0,0,0,0,0,0,0,0,0,0,0,0,0,0,0,0,0,0,0,0,0,0,0,0,176,385,67,0,243,385
POA3472,582,1222,6,5,0,3,6,8,23,26,0,0,0,0,0,0,23,26,18,28,9,17,9,19,36,64,0,0,647,1320,196,0,843,1320
POA3475,116,264,0,0,0,0,0,0,0,0,0,0,0,0,0,0,0,0,0,5,3,3,0,0,3,8,0,0,119,272,87,0,206,272
POA3477,150,371,0,0,0,0,0,0,0,0,0,0,0,0,0,0,0,0,4,5,0,0,0,0,4,5,0,0,154,376,74,0,228,376
POA3478,1198,2701,27,32,0,0,27,32,22,34,3,0,0,0,0,0,25,34,10,16,3,0,8,13,21,29,0,0,1271,2796,272,0,1543,2796
POA3480,638,1510,31,37,7,20,38,57,3,0,0,0,0,0,0,0,3,0,4,9,0,0,5,6,9,15,0,3,688,1585,105,0,793,1585
POA3482,165,442,0,0,0,0,0,0,0,0,0,0,0,0,0,0,0,0,0,0,0,0,0,0,0,0,0,0,165,442,48,0,213,442
POA3483,246,566,0,0,3,3,3,3,24,26,0,0,0,0,0,0,24,26,3,7,0,0,3,3,6,10,0,0,279,605,59,0,338,605
POA3485,84,175,3,6,0,0,3,6,0,0,0,0,0,0,0,0,0,0,0,0,0,0,0,0,0,0,0,0,87,181,21,0,108,181
POA3490,403,920,0,7,0,4,0,11,15,14,0,0,0,0,0,0,15,14,4,4,0,0,3,3,7,7,0,0,425,952,102,0,527,952
POA3491,160,389,0,0,0,0,0,0,0,0,0,0,0,0,0,0,0,0,0,0,0,0,0,0,0,0,0,0,160,389,67,0,227,389
POA3494,215,562,0,0,0,0,0,0,0,0,0,0,0,0,0,0,0,0,27,31,4,5,0,3,31,39,0,0,246,601,55,0,301,601
POA3496,1977,5107,79,111,3,4,82,115,70,120,0,0,0,0,3,4,73,124,30,43,0,0,0,9,30,52,0,0,2162,5398,290,0,2452,5398
POA3498,1619,4462,63,93,0,0,63,93,38,49,0,0,0,0,0,0,38,49,20,33,0,0,0,0,20,33,0,0,1740,4637,201,0,1941,4637
POA3500,9484,24421,792,1278,66,130,858,1408,1307,2029,3,3,0,0,6,7,1316,2039,161,245,3,4,21,39,185,288,8,18,11851,28174,1281,0,13132,28174
POA3501,608,1799,0,0,0,0,0,0,4,6,0,0,0,0,4,3,8,9,16,23,3,9,3,6,22,38,0,0,638,1846,37,0,675,1846
POA3505,1634,4272,0,5,0,0,0,5,28,47,0,0,0,0,3,3,31,50,38,47,3,3,6,20,47,70,0,0,1712,4397,175,0,1887,4397
POA3507,156,405,0,0,0,0,0,0,0,0,0,0,0,0,0,0,0,0,3,0,0,0,0,0,3,0,0,0,159,405,57,0,216,405
POA3509,81,191,0,0,0,0,0,0,0,0,0,0,0,0,0,0,0,0,0,0,0,0,0,4,0,4,0,0,81,195,18,0,99,195
POA3512,232,487,0,0,0,0,0,0,3,0,0,0,0,0,0,0,3,0,3,4,0,4,3,0,6,8,0,0,241,495,78,0,319,495
POA3515,292,811,0,0,0,0,0,0,0,0,0,0,0,0,0,0,0,0,21,34,0,0,0,0,21,34,0,4,313,849,24,0,337,849
POA3516,270,709,0,0,0,0,0,0,0,0,0,0,0,0,0,0,0,0,0,3,0,0,5,7,5,10,0,0,275,719,69,0,344,719
POA3517,577,1267,6,10,0,0,6,10,4,4,0,0,0,0,0,0,4,4,10,12,0,0,10,29,20,41,0,0,607,1322,152,0,759,1322
POA3518,544,1151,0,0,0,0,0,0,15,14,0,0,0,0,0,3,15,17,21,20,0,0,4,7,25,27,0,0,584,1195,201,0,785,1195
POA3520,110,233,0,0,0,0,0,0,0,0,0,0,0,0,0,0,0,0,0,0,0,0,0,0,0,0,0,0,110,233,35,0,145,233
POA3521,250,683,0,0,0,0,0,0,0,0,0,0,0,0,0,0,0,0,0,0,0,0,0,0,0,0,0,0,250,683,58,0,308,683
POA3522,154,386,0,0,0,0,0,0,0,0,0,0,0,0,0,0,0,0,0,0,0,3,0,0,0,3,0,0,154,389,116,0,270,389
POA3523,1364,2989,21,34,0,0,21,34,42,64,0,0,0,0,3,3,45,67,29,44,6,6,7,18,42,68,0,0,1472,3158,452,0,1924,3158
POA3525,504,1136,9,9,0,3,9,12,18,27,0,0,0,0,0,0,18,27,0,3,0,0,6,10,6,13,0,0,537,1188,127,0,664,1188
POA3527,333,698,0,0,0,0,0,0,0,0,0,0,0,0,0,0,0,0,5,3,0,0,0,0,5,3,0,3,338,704,75,0,413,704
POA3530,133,316,0,0,0,0,0,0,0,0,0,0,0,0,0,0,0,0,0,0,0,0,3,4,3,4,0,0,136,320,42,0,178,320
POA3531,120,308,0,7,0,0,0,7,0,0,0,0,0,0,0,0,0,0,0,0,0,0,3,4,3,4,0,0,123,319,35,0,158,319
POA3533,341,779,0,0,0,0,0,0,7,8,0,0,0,0,0,0,7,8,0,0,0,0,4,3,4,3,0,0,352,790,83,0,435,790
POA3537,424,1000,0,0,0,0,0,0,22,21,0,0,0,0,0,0,22,21,0,0,0,3,10,22,10,25,0,0,456,1046,114,0,570,1046
POA3540,143,335,3,3,0,0,3,3,0,0,0,0,0,0,0,0,0,0,0,0,0,0,0,0,0,0,0,0,146,338,37,0,183,338
POA3542,78,213,0,0,0,0,0,0,0,0,0,0,0,0,0,0,0,0,0,0,0,0,0,0,0,0,0,0,78,213,15,0,93,213
POA3544,123,312,0,0,0,0,0,0,0,0,0,0,0,0,0,0,0,0,0,0,0,0,0,0,0,0,3,4,126,316,52,0,178,316
POA3546,175,439,0,0,0,0,0,0,6,8,0,0,0,0,0,0,6,8,3,0,0,0,3,6,6,6,0,0,187,453,27,0,214,453
POA3549,1107,3165,5,11,8,18,13,29,29,49,0,0,0,0,0,0,29,49,65,94,5,36,6,15,76,145,3,3,1228,3391,187,0,1415,3391
POA3550,13457,32680,926,1507,143,304,1069,1811,1230,1898,3,7,0,0,3,3,1236,1908,3,3,0,0,44,84,47,87,4,16,15813,36502,1591,0,17404,36502
POA3551,7912,22746,18,32,10,34,28,66,14,26,0,0,0,0,6,9,20,35,59,76,13,27,3,4,75,107,0,5,8035,22959,687,0,8722,22959
POA3555,6460,15804,177,313,32,77,209,390,546,833,0,0,0,0,6,10,552,843,96,119,0,0,7,13,103,132,0,3,7324,17172,652,0,7976,17172
POA3556,3977,9829,106,155,3,3,109,158,333,504,0,0,0,0,3,0,336,504,3,0,0,0,6,21,9,21,0,0,4431,10512,427,0,4858,10512
POA3557,220,606,0,0,0,0,0,0,3,0,0,0,0,0,0,0,3,0,0,0,0,0,0,0,0,0,0,0,223,606,38,0,261,606
POA3558,370,847,11,16,3,4,14,20,5,5,0,0,3,3,0,0,8,8,8,12,3,3,3,7,14,22,0,0,406,897,72,0,478,897
POA3559,215,541,0,0,0,0,0,0,0,0,0,0,0,0,0,0,0,0,6,10,0,0,0,0,6,10,0,0,221,551,80,0,301,551
POA3561,1654,4212,9,28,0,0,9,28,97,114,0,0,0,0,0,0,97,114,5,6,0,0,4,14,9,20,0,3,1769,4377,276,0,2045,4377
POA3562,89,258,0,0,0,0,0,0,0,0,0,0,0,0,0,0,0,0,0,0,0,0,3,7,3,7,0,0,92,265,39,0,131,265
POA3563,283,714,0,3,0,0,0,3,0,0,0,0,0,0,0,0,0,0,0,0,0,0,0,0,0,0,0,0,283,717,73,0,356,717
POA3564,4728,12238,269,425,5,5,274,430,624,968,19,29,0,0,14,26,657,1023,50,75,0,0,9,23,59,98,8,27,5726,13816,647,0,6373,13816
POA3566,205,490,0,0,0,0,0,0,6,7,0,0,0,0,0,0,6,7,5,7,0,0,0,3,5,10,0,6,216,513,74,0,290,513
POA3567,232,572,0,0,0,0,0,0,5,3,0,0,0,0,0,0,5,3,0,5,0,0,0,0,0,5,0,0,237,580,45,0,282,580
POA3568,1093,2523,24,28,3,5,27,33,8,7,5,8,0,0,0,0,13,15,3,5,0,0,3,7,6,12,0,0,1139,2583,218,0,1357,2583
POA3570,200,538,0,0,0,0,0,0,7,15,0,0,0,0,0,0,7,15,3,3,0,0,3,3,6,6,0,0,213,559,33,0,246,559
POA3571,110,281,0,0,0,0,0,0,3,7,0,0,0,0,0,0,3,7,0,0,0,0,4,3,4,3,0,0,117,291,34,0,151,291
POA3572,69,194,0,0,0,0,0,0,0,0,0,0,0,0,0,0,0,0,0,0,0,0,0,0,0,0,0,0,69,194,23,0,92,194
POA3573,186,467,6,14,0,0,6,14,0,0,0,0,0,0,0,0,0,0,0,0,0,0,0,0,0,0,0,0,192,481,57,0,249,481
POA3575,323,756,0,0,0,0,0,0,14,18,0,0,0,0,0,0,14,18,3,0,0,0,3,4,6,4,0,0,343,778,106,0,449,778
POA3579,1911,4511,28,44,5,4,33,48,117,142,0,0,0,0,0,0,117,142,27,39,0,0,13,39,40,78,3,3,2104,4782,411,0,2515,4782
POA3580,323,682,0,0,0,0,0,0,10,9,0,0,0,0,0,0,10,9,5,5,0,0,0,0,5,5,0,0,338,696,79,0,417,696
POA3581,109,292,0,0,0,0,0,0,0,0,0,0,0,0,0,0,0,0,0,0,0,0,0,0,0,0,0,0,109,292,42,0,151,292
POA3584,461,1175,6,8,0,0,6,8,3,7,0,0,0,0,0,0,3,7,3,5,3,4,0,0,6,9,0,0,476,1199,127,0,603,1199
POA3585,3430,8754,178,313,6,12,184,325,528,769,0,0,0,0,0,0,528,769,18,27,0,0,8,10,26,37,3,0,4171,9885,509,0,4680,9885
POA3586,233,653,5,20,4,11,9,31,0,0,0,0,0,0,0,0,0,0,10,19,4,0,0,0,14,19,0,0,256,703,49,0,305,703
POA3588,114,288,0,0,0,0,0,0,0,0,0,0,0,0,0,0,0,0,0,0,0,0,0,0,0,0,0,0,114,288,6,0,120,288
POA3589,114,350,0,0,0,0,0,0,0,0,0,0,0,0,0,0,0,0,0,0,0,0,0,0,0,0,0,0,114,350,12,0,126,350
POA3590,130,339,0,3,0,0,0,3,0,0,0,0,0,0,0,0,0,0,0,0,0,0,0,0,0,0,0,0,130,342,15,0,145,342
POA3591,97,256,0,0,0,0,0,0,0,0,0,0,0,0,0,0,0,0,0,0,0,0,0,0,0,0,0,0,97,256,18,0,115,256
POA3594,180,428,0,0,0,0,0,0,4,3,0,0,0,0,0,0,4,3,29,35,0,0,0,8,29,43,0,0,213,474,26,0,239,474
POA3595,229,584,0,0,0,0,0,0,8,11,0,0,0,0,0,0,8,11,0,3,3,0,12,22,15,25,0,0,252,620,57,0,309,620
POA3596,46,127,0,0,0,0,0,0,0,0,0,0,0,0,0,0,0,0,7,8,0,0,0,0,7,8,0,0,53,135,9,0,62,135
POA3597,191,506,0,0,0,0,0,0,0,0,0,0,0,0,0,0,0,0,5,7,4,0,0,4,9,11,4,23,204,540,34,0,238,540
POA3608,812,1827,32,41,0,0,32,41,21,34,0,0,0,0,0,3,21,37,27,28,5,5,47,123,79,156,3,3,947,2064,274,0,1221,2064
POA3610,490,1238,9,11,0,0,9,11,9,6,0,0,0,0,0,0,9,6,23,66,0,0,4,12,27,78,0,0,535,1333,117,0,652,1333
POA3612,653,1451,0,0,0,0,0,0,6,10,0,0,0,0,0,0,6,10,15,24,0,4,10,17,25,45,0,4,684,1510,180,0,864,1510
POA3614,245,706,0,0,0,0,0,0,0,0,0,0,0,0,0,0,0,0,0,0,0,0,0,0,0,0,0,3,245,709,34,0,279,709
POA3616,1698,4418,37,61,0,0,37,61,125,195,0,0,0,0,0,0,125,195,25,38,3,4,11,22,39,64,0,5,1899,4743,235,0,2134,4743
POA3617,112,275,0,0,0,0,0,0,0,0,0,0,0,0,0,0,0,0,0,0,0,0,0,0,0,0,0,0,112,275,3,0,115,275
POA3618,247,624,0,0,0,0,0,0,0,0,0,0,0,0,0,0,0,0,6,6,0,0,0,0,6,6,0,0,253,630,26,0,279,630
POA3620,2744,6909,90,131,3,10,93,141,207,299,3,3,0,0,0,0,210,302,19,31,3,8,6,11,28,50,0,0,3075,7402,327,0,3402,7402
POA3621,741,1931,28,38,0,0,28,38,9,13,15,24,0,0,0,0,24,37,7,16,0,0,4,8,11,24,0,0,804,2030,97,0,901,2030
POA3622,123,324,0,0,0,0,0,0,0,0,0,0,0,0,0,0,0,0,0,0,0,0,0,0,0,0,0,0,123,324,12,0,135,324
POA3623,366,859,0,0,0,0,0,0,11,13,0,0,0,0,0,0,11,13,0,0,0,0,0,10,0,10,0,0,377,882,50,0,427,882
POA3624,216,541,0,3,4,3,4,6,0,0,0,0,0,0,0,0,0,0,0,0,0,0,0,0,0,0,0,0,220,547,20,0,240,547
POA3629,2796,7437,73,127,0,0,73,127,453,662,0,0,0,0,0,0,453,662,171,247,0,3,5,7,176,257,6,17,3504,8500,408,0,3912,8500
POA3630,9032,23981,521,928,64,147,585,1075,1170,1882,4,8,3,4,3,0,1180,1894,38,56,0,3,14,33,52,92,6,5,10855,27047,1096,0,11951,27047
POA3631,3221,9218,8,20,3,0,11,20,23,45,0,0,0,0,3,3,26,48,70,110,0,0,0,0,70,110,3,5,3331,9401,345,0,3676,9401
POA3633,201,562,5,16,0,0,5,16,0,0,0,0,0,0,0,0,0,0,7,15,0,0,4,3,11,18,0,0,217,596,12,0,229,596
POA3634,595,1629,0,10,0,0,0,10,0,0,0,0,0,0,0,0,0,0,0,5,0,0,0,3,0,8,0,0,595,1647,64,0,659,1647
POA3635,240,603,0,0,0,0,0,0,0,0,0,0,0,0,0,0,0,0,0,0,0,3,0,0,0,3,0,0,240,606,31,0,271,606
POA3636,1864,4683,36,58,0,4,36,62,173,222,0,0,0,0,0,0,173,222,9,8,0,3,10,16,19,27,3,4,2095,4998,266,0,2361,4998
POA3637,229,638,0,0,0,0,0,0,0,0,0,0,0,0,0,0,0,0,0,8,5,0,0,0,5,8,0,0,234,646,38,0,272,646
POA3638,724,1791,5,8,0,3,5,11,49,56,0,0,0,0,0,0,49,56,19,24,4,4,4,16,27,44,0,0,805,1902,133,0,938,1902
POA3639,203,442,8,7,0,3,8,10,3,3,0,0,0,0,0,0,3,3,6,13,0,0,0,0,6,13,0,0,220,468,63,0,283,468
POA3640,380,1079,0,0,0,0,0,0,0,0,0,0,0,0,0,0,0,0,0,0,0,0,0,3,0,3,0,0,380,1082,47,0,427,1082
POA3641,400,993,0,4,0,0,0,4,10,10,0,0,0,0,0,0,10,10,4,4,0,0,0,0,4,4,0,0,414,1011,90,0,504,1011
POA3644,2954,7466,93,133,8,26,101,159,233,358,0,0,0,0,0,0,233,358,55,82,0,3,7,22,62,107,0,0,3350,8090,466,0,3816,8090
POA3646,297,726,0,0,0,0,0,0,0,0,0,0,0,0,0,0,0,0,0,0,0,0,3,4,3,4,0,0,300,730,63,0,363,730
POA3649,158,410,0,0,0,0,0,0,0,0,0,0,0,0,0,0,0,0,4,11,0,0,3,0,7,11,0,0,165,421,19,0,184,421
POA3658,1973,5175,55,73,3,6,58,79,28,48,3,0,0,0,0,0,31,48,0,5,13,33,5,9,18,47,0,0,2080,5349,274,0,2354,5349
POA3659,282,714,0,9,3,0,3,9,0,0,0,0,0,0,0,0,0,0,0,0,0,0,0,0,0,0,0,0,285,723,68,0,353,723
POA3660,2608,6301,73,119,5,17,78,136,189,250,0,0,0,0,4,3,193,253,21,24,0,4,11,21,32,49,0,3,2911,6742,352,0,3263,6742
POA3662,249,822,0,0,19,67,19,67,0,0,0,0,0,0,0,0,0,0,0,0,0,0,0,0,0,0,0,0,268,889,24,0,292,889
POA3663,17,49,0,0,0,0,0,0,0,0,0,0,0,0,0,0,0,0,0,0,0,0,59,144,59,144,0,0,76,193,9,0,85,193
POA3664,379,917,3,5,0,0,3,5,0,0,0,0,0,0,0,0,0,0,0,0,0,0,0,0,0,0,0,0,382,922,77,0,459,922
POA3666,1835,4162,11,17,3,4,14,21,125,157,0,0,0,0,0,0,125,157,17,28,8,10,6,24,31,62,3,0,2008,4402,516,0,2524,4402
POA3669,434,948,0,0,0,0,0,0,3,3,0,0,0,0,0,0,3,3,3,3,3,3,0,0,6,6,0,0,443,957,76,0,519,957
POA3670,262,622,0,0,0,0,0,0,0,5,0,0,0,0,0,0,0,5,0,0,3,0,0,0,3,0,0,0,265,627,64,0,329,627
POA3672,3644,8586,304,423,0,0,304,423,272,392,0,0,0,0,4,3,276,395,18,24,3,0,14,39,35,63,0,3,4259,9470,618,0,4877,9470
POA3673,579,1406,0,0,0,0,0,0,3,6,0,0,0,0,0,0,3,6,0,3,3,3,0,0,3,6,0,0,585,1418,152,0,737,1418
POA3675,534,1386,0,0,0,0,0,0,0,0,0,0,0,0,0,0,0,0,3,0,4,15,3,5,10,20,4,3,548,1409,78,0,626,1409
POA3677,5928,14478,348,471,9,25,357,496,669,939,0,0,0,0,0,0,669,939,27,42,0,0,25,50,52,92,0,0,7006,16005,799,0,7805,16005
POA3678,2272,5849,9,12,5,11,14,23,10,15,0,0,0,0,0,0,10,15,20,27,4,10,6,15,30,52,0,0,2326,5939,379,0,2705,5939
POA3682,230,618,0,0,0,0,0,0,0,0,0,0,0,0,0,0,0,0,4,9,0,0,0,0,4,9,0,0,234,627,37,0,271,627
POA3683,599,1427,12,15,3,3,15,18,7,10,0,0,0,0,0,0,7,10,18,18,0,0,9,20,27,38,0,0,648,1493,87,0,735,1493
POA3685,860,2082,53,84,0,3,53,87,60,79,0,0,0,0,0,0,60,79,0,0,0,0,10,24,10,24,0,0,983,2272,131,0,1114,2272
POA3687,309,764,31,45,0,0,31,45,0,0,0,0,0,0,0,0,0,0,0,3,0,0,5,9,5,12,0,0,345,821,43,0,388,821
POA3688,439,1187,0,0,0,0,0,0,0,0,0,0,0,0,0,0,0,0,0,0,3,0,0,0,3,0,0,0,442,1187,32,0,474,1187
POA3690,9577,25321,975,1484,51,105,1026,1589,1167,1864,0,0,0,0,6,11,1173,1875,41,55,3,3,11,34,55,92,3,5,11834,28882,990,0,12824,28882
POA3691,2607,7359,17,24,3,5,20,29,4,18,0,0,0,0,3,3,7,21,10,14,0,0,7,9,17,23,0,0,2651,7432,286,0,2937,7432
POA3694,134,369,0,0,0,0,0,0,5,13,0,0,0,0,0,0,5,13,0,0,0,0,0,0,0,0,0,0,139,382,11,0,150,382
POA3695,146,407,3,9,0,0,3,9,0,0,0,0,0,0,0,0,0,0,0,0,3,0,0,0,3,0,0,0,152,416,29,0,181,416
POA3697,229,528,0,0,0,0,0,0,0,0,0,0,0,0,0,0,0,0,3,0,0,0,5,15,8,15,0,0,237,543,50,0,287,543
POA3698,313,713,7,4,0,0,7,4,0,3,0,0,0,0,0,0,0,3,5,5,0,0,7,18,12,23,0,0,332,743,159,0,491,743
POA3699,345,700,5,12,3,5,8,17,11,24,0,0,3,11,3,0,17,35,0,0,0,0,0,5,0,5,0,0,370,757,268,0,638,757
POA3700,425,993,25,33,0,0,25,33,0,0,0,0,0,0,0,0,0,0,10,14,0,0,4,6,14,20,0,0,464,1046,91,0,555,1046
POA3701,400,982,0,0,0,0,0,0,0,4,0,0,0,0,0,0,0,4,0,0,3,5,0,0,3,5,0,0,403,991,206,0,609,991
POA3705,167,379,0,0,0,0,0,0,0,0,0,0,0,0,0,0,0,0,3,4,0,0,0,0,3,4,0,0,170,383,71,0,241,383
POA3707,673,1496,0,0,0,0,0,0,17,19,0,0,0,0,0,0,17,19,8,8,0,0,4,20,12,28,0,0,702,1543,159,0,861,1543
POA3709,134,272,0,6,0,0,0,6,4,4,0,0,0,0,0,0,4,4,3,3,0,0,3,3,6,6,0,0,144,288,36,0,180,288
POA3711,94,213,0,0,0,0,0,0,0,0,0,0,0,0,0,0,0,0,0,0,0,0,0,0,0,0,0,0,94,213,60,0,154,213
POA3712,129,280,0,0,0,0,0,0,0,4,0,0,0,0,3,0,3,4,14,20,0,0,0,0,14,20,0,3,146,307,65,0,211,307
POA3713,351,733,4,6,0,0,4,6,15,18,0,0,0,0,0,0,15,18,35,44,0,0,0,0,35,44,0,0,405,801,444,0,849,801
POA3714,1256,2851,41,56,0,0,41,56,12,17,0,0,0,0,0,0,12,17,26,41,3,5,9,14,38,60,3,3,1350,2987,371,0,1721,2987
POA3715,123,270,0,0,0,0,0,0,0,0,0,0,0,0,0,0,0,0,0,0,0,0,0,0,0,0,0,0,123,270,143,0,266,270
POA3717,1015,2296,14,23,0,3,14,26,6,5,0,0,0,0,0,0,6,5,37,55,3,0,12,24,52,79,0,0,1087,2406,345,0,1432,2406
POA3719,197,482,0,0,0,0,0,0,0,0,0,0,0,0,0,0,0,0,5,3,0,0,0,0,5,3,0,0,202,485,100,0,302,485
POA3720,189,446,0,0,6,8,6,8,0,0,0,0,0,0,0,0,0,0,0,0,0,0,0,0,0,0,0,4,195,458,408,0,603,458
POA3722,1470,3607,181,273,0,0,181,273,43,68,0,0,0,0,0,0,43,68,9,11,0,9,9,13,18,33,0,3,1712,3984,479,0,2191,3984
POA3723,946,2031,6,11,0,3,6,14,7,16,9,33,8,19,0,0,24,68,0,3,6,8,8,11,14,22,0,9,990,2144,1691,0,2681,2144
POA3725,124,317,0,0,0,0,0,0,0,0,0,0,0,0,0,0,0,0,0,0,3,3,0,0,3,3,0,0,127,320,15,0,142,320
POA3726,323,768,0,0,0,0,0,0,0,0,0,0,0,0,0,0,0,0,3,3,3,8,3,8,9,19,0,0,332,787,78,0,410,787
POA3727,134,346,0,0,0,0,0,0,0,0,0,0,0,0,0,0,0,0,0,0,0,0,0,0,0,0,0,0,134,346,31,0,165,346
POA3728,227,545,0,0,0,0,0,0,0,0,0,0,0,0,0,0,0,0,0,0,0,0,0,0,0,0,0,0,227,545,65,0,292,545
POA3730,2457,6099,190,293,15,31,205,324,309,463,0,0,0,0,0,0,309,463,62,87,0,0,0,0,62,87,9,30,3042,7003,703,0,3745,7003
POA3732,172,392,0,0,0,0,0,0,5,10,0,0,0,0,0,0,5,10,4,3,0,0,0,4,4,7,0,0,181,409,27,0,208,409
POA3733,162,379,0,3,0,0,0,3,0,0,0,0,0,0,0,0,0,0,3,4,3,3,0,0,6,7,4,3,172,392,55,0,227,392
POA3735,193,490,0,0,0,0,0,0,0,0,0,0,0,0,0,0,0,0,0,0,0,0,0,0,0,0,0,0,193,490,49,0,242,490
POA3737,1565,3726,32,47,3,6,35,53,75,99,0,0,0,0,0,0,75,99,11,9,5,10,3,18,19,37,0,0,1694,3915,279,0,1973,3915
POA3739,152,348,0,0,0,0,0,0,0,0,0,0,0,0,0,0,0,0,0,0,0,0,0,3,0,3,0,0,152,351,33,0,185,351
POA3740,355,862,11,12,0,0,11,12,7,16,0,0,0,0,0,0,7,16,3,10,3,3,0,3,6,16,3,6,382,912,115,0,497,912
POA3741,1015,2318,60,94,19,46,79,140,72,126,5,22,14,39,5,5,96,192,5,21,0,0,9,13,14,34,8,15,1212,2699,794,0,2006,2699
POA3744,109,266,0,0,0,0,0,0,0,0,0,0,0,0,0,0,0,0,0,0,0,0,0,0,0,0,0,0,109,266,68,0,177,266
POA3746,95,199,0,0,0,0,0,0,0,0,0,0,0,0,0,0,0,0,4,3,0,0,0,0,4,3,0,0,99,202,28,0,127,202
POA3747,1487,3466,37,65,0,5,37,70,62,90,0,0,0,0,0,3,62,93,7,11,0,0,0,4,7,15,0,0,1593,3644,254,0,1847,3644
POA3749,589,1603,5,4,3,5,8,9,19,26,0,0,0,0,0,0,19,26,5,6,3,3,9,18,17,27,0,0,633,1665,83,0,716,1665
POA3750,177,509,0,0,0,0,0,0,0,0,0,0,0,0,0,0,0,0,0,0,0,0,0,0,0,0,0,0,177,509,22,0,199,509
POA3751,108,310,3,6,0,0,3,6,0,0,0,0,0,0,0,0,0,0,3,3,0,0,0,0,3,3,0,0,114,319,17,0,131,319
POA3752,5390,17113,454,1214,425,1274,879,2488,127,239,0,0,0,0,0,0,127,239,0,0,0,0,0,0,0,0,0,0,6396,19840,405,0,6801,19840
POA3753,254,802,0,5,0,0,0,5,0,0,0,0,0,0,0,0,0,0,0,0,0,6,4,0,4,6,0,3,258,816,51,0,309,816
POA3754,5646,16910,25,52,93,209,118,261,9,23,0,0,0,3,4,3,13,29,0,0,0,0,0,3,0,3,0,3,5777,17206,653,0,6430,17206
POA3755,98,275,0,0,0,0,0,0,0,0,0,0,0,0,3,0,3,0,0,0,0,0,0,0,0,0,0,0,101,275,13,0,114,275
POA3756,2563,7830,181,482,8,21,189,503,106,208,0,0,0,0,0,0,106,208,5,11,0,0,0,0,5,11,0,3,2863,8555,289,0,3152,8555
POA3757,2457,7032,115,223,8,23,123,246,24,48,0,0,0,0,0,9,24,57,13,21,18,47,4,8,35,76,3,4,2642,7415,245,0,2887,7415
POA3758,650,2036,0,0,0,0,0,0,0,0,0,0,0,0,5,11,5,11,17,17,0,0,0,0,17,17,0,0,672,2064,62,0,734,2064
POA3759,368,1114,0,0,0,0,0,0,0,0,0,0,0,0,0,0,0,0,3,0,0,0,3,12,6,12,0,0,374,1126,23,0,397,1126
POA3760,130,373,0,0,0,0,0,0,0,0,0,0,0,0,0,0,0,0,0,0,0,0,0,0,0,0,0,0,130,373,4,0,134,373
POA3761,357,1063,0,0,0,0,0,0,0,0,0,0,0,0,0,0,0,0,0,3,0,0,0,3,0,6,0,0,357,1069,47,0,404,1069
POA3763,441,1198,4,0,0,0,4,0,0,0,0,0,0,0,0,0,0,0,3,15,4,5,0,0,7,20,0,0,452,1218,45,0,497,1218
POA3764,2294,6423,104,176,5,10,109,186,130,208,0,0,0,0,5,12,135,220,39,47,3,7,4,8,46,62,0,0,2584,6891,275,0,2859,6891
POA3765,2101,6034,135,193,0,0,135,193,11,13,0,0,0,0,3,6,14,19,0,0,0,0,0,0,0,0,0,0,2250,6246,141,0,2391,6246
POA3766,451,1130,0,0,0,0,0,0,0,0,0,0,0,0,0,0,0,0,0,0,0,0,3,3,3,3,0,0,454,1133,53,0,507,1133
POA3767,450,1153,3,5,0,0,3,5,5,4,0,0,0,0,3,3,8,7,0,0,0,0,0,0,0,0,0,0,461,1165,58,0,519,1165
POA3770,1038,3016,8,16,0,0,8,16,0,3,0,0,0,0,3,3,3,6,3,0,0,0,0,3,3,3,3,3,1055,3044,77,0,1132,3044
POA3775,1172,3197,11,23,12,15,23,38,19,31,0,0,0,0,0,7,19,38,3,7,9,15,0,0,12,22,0,3,1226,3298,154,0,1380,3298
POA3777,3558,9080,49,67,7,17,56,84,191,272,0,0,11,16,10,15,212,303,36,67,5,4,0,6,41,77,0,0,3867,9544,440,0,4307,9544
POA3778,183,402,0,0,0,0,0,0,3,7,0,0,0,0,0,0,3,7,0,10,3,5,0,0,3,15,0,0,189,424,84,0,273,424
POA3779,79,174,4,6,0,0,4,6,0,0,0,0,0,0,0,0,0,0,0,0,5,9,0,0,5,9,0,0,88,189,77,0,165,189
POA3781,1416,4046,0,0,0,0,0,0,4,4,0,0,0,0,0,0,4,4,3,3,0,0,3,4,6,7,7,25,1433,4082,115,0,1548,4082
POA3782,2589,7238,14,27,0,0,14,27,29,33,0,0,0,0,3,0,32,33,6,10,3,4,3,3,12,17,0,0,2647,7315,213,0,2860,7315
POA3783,698,1977,0,0,0,0,0,0,0,0,0,0,0,0,0,5,0,5,0,0,0,0,0,0,0,0,0,0,698,1982,69,0,767,1982
POA3785,0,0,0,0,0,0,0,0,0,0,0,0,0,0,0,0,0,0,0,0,0,0,0,0,0,0,0,0,0,0,0,0,0,0
POA3786,528,1442,0,0,0,0,0,0,3,3,0,0,0,0,0,3,3,6,0,0,0,0,0,0,0,0,0,0,531,1448,76,0,607,1448
POA3787,395,1069,5,8,3,9,8,17,0,0,0,0,0,0,0,3,0,3,0,0,0,0,0,0,0,0,0,0,403,1089,39,0,442,1089
POA3788,610,1523,0,7,3,12,3,19,15,19,0,0,0,0,0,3,15,22,0,0,0,0,4,3,4,3,0,0,632,1567,94,0,726,1567
POA3789,98,241,3,4,0,0,3,4,3,0,0,0,0,0,0,0,3,0,0,0,0,0,0,4,0,4,0,0,104,249,27,0,131,249
POA3791,554,1454,8,8,0,0,8,8,3,3,0,0,0,0,0,0,3,3,0,0,0,0,3,6,3,6,0,0,568,1471,52,0,620,1471
POA3792,355,991,0,0,0,4,0,4,0,0,0,0,0,0,6,5,6,5,0,0,0,0,0,0,0,0,0,0,361,1000,40,0,401,1000
POA3793,1192,3181,25,36,3,3,28,39,13,28,0,0,0,0,0,0,13,28,0,0,0,0,0,3,0,3,3,4,1236,3255,72,0,1308,3255
POA3795,409,1172,0,0,0,0,0,0,9,15,0,0,0,0,0,0,9,15,0,4,0,0,0,0,0,4,0,0,418,1191,44,0,462,1191
POA3796,3008,8738,57,108,23,85,80,193,28,58,0,0,0,0,7,15,35,73,0,0,0,0,3,11,3,11,0,0,3126,9015,171,0,3297,9015
POA3797,1025,2682,46,75,0,0,46,75,22,27,0,0,0,0,0,0,22,27,28,37,0,0,0,10,28,47,0,0,1121,2831,145,0,1266,2831
POA3799,2240,5396,8,17,0,5,8,22,21,27,0,0,0,0,10,12,31,39,60,87,3,10,14,19,77,116,0,4,2356,5577,491,0,2847,5577
POA3800,0,0,0,0,0,0,0,0,0,0,0,0,0,0,0,0,0,0,0,0,0,0,0,0,0,0,7,24,7,24,0,0,7,24
POA3802,7477,23042,148,357,116,295,264,652,48,102,0,0,0,0,0,0,48,102,0,0,0,0,0,9,0,9,0,0,7789,23805,380,0,8169,23805
POA3803,2778,8453,54,140,173,565,227,705,237,477,0,0,0,0,0,4,237,481,0,0,0,0,3,5,3,5,0,0,3245,9644,176,0,3421,9644
POA3804,1819,6242,18,48,0,0,18,48,0,0,0,0,0,0,0,0,0,0,0,0,0,0,0,3,0,3,0,3,1837,6296,88,0,1925,6296
POA3805,15561,49870,601,1569,187,570,788,2139,286,559,3,5,0,0,4,6,293,570,87,120,0,0,0,5,87,125,3,3,16732,52707,754,0,17486,52707
POA3806,13182,39944,730,1368,330,915,1060,2283,615,1055,0,0,0,0,0,0,615,1055,0,0,0,5,4,17,4,22,3,4,14864,43308,939,0,15803,43308
POA3807,1868,6083,124,210,8,25,132,235,13,26,0,0,0,0,0,0,13,26,81,99,0,0,0,5,81,104,6,3,2100,6451,107,0,2207,6451
POA3808,896,2748,0,0,0,0,0,0,0,0,0,0,0,0,0,3,0,3,4,5,0,4,0,4,4,13,0,0,900,2764,69,0,969,2764
POA3809,561,1583,0,0,35,81,35,81,3,10,0,0,0,0,0,0,3,10,0,0,0,0,0,0,0,0,0,0,599,1674,101,0,700,1674
POA3810,10795,31055,641,1183,115,254,756,1437,575,988,0,0,0,0,5,8,580,996,51,74,4,0,4,8,59,82,0,0,12190,33570,1119,0,13309,33570
POA3812,733,2163,5,10,0,0,5,10,10,14,0,0,0,0,0,0,10,14,0,0,0,0,0,0,0,0,0,0,748,2187,66,0,814,2187
POA3813,343,1031,0,6,0,0,0,6,0,3,0,0,0,0,0,0,0,3,0,3,0,0,0,0,0,3,0,0,343,1043,33,0,376,1043
POA3814,634,1774,21,26,0,0,21,26,9,11,0,0,0,0,0,0,9,11,0,0,0,0,0,0,0,0,0,0,664,1811,48,0,712,1811
POA3815,908,2620,0,0,0,0,0,0,59,101,0,0,0,0,0,0,59,101,0,0,0,0,6,3,6,3,0,0,973,2724,107,0,1080,2724
POA3816,662,1784,20,33,0,0,20,33,8,12,0,0,0,0,3,0,11,12,14,27,0,0,0,3,14,30,0,0,707,1859,62,0,769,1859
POA3818,3830,10130,398,820,0,3,398,823,163,220,0,3,0,0,7,12,170,235,70,89,0,0,4,15,74,104,0,0,4472,11292,454,0,4926,11292
POA3820,4690,12233,378,555,14,21,392,576,300,431,0,0,0,0,0,3,300,434,45,47,0,0,5,11,50,58,0,0,5432,13301,523,0,5955,13301
POA3821,854,2348,20,63,4,4,24,67,0,5,0,0,0,0,0,0,0,5,7,6,0,0,0,0,7,6,0,0,885,2426,151,0,1036,2426
POA3822,347,979,0,0,0,0,0,0,0,0,0,0,3,0,0,0,3,0,0,0,0,0,0,0,0,0,0,0,350,979,45,0,395,979
POA3823,653,1620,7,12,0,0,7,12,0,0,0,0,0,0,0,0,0,0,0,0,0,10,0,0,0,10,0,7,660,1649,94,0,754,1649
POA3824,1603,4026,102,175,0,0,102,175,31,36,0,0,0,0,3,3,34,39,0,0,0,3,0,7,0,10,0,0,1739,4250,252,0,1991,4250
POA3825,6691,16390,598,1246,12,27,610,1273,866,1170,0,0,0,0,4,3,870,1173,31,46,3,11,3,3,37,60,0,0,8208,18896,1204,0,9412,18896
POA3831,488,1258,0,0,4,5,4,5,17,21,0,0,0,0,0,0,17,21,4,6,0,0,4,13,8,19,0,0,517,1303,121,0,638,1303
POA3832,148,387,0,0,0,0,0,0,0,0,0,0,0,0,0,0,0,0,0,0,0,0,0,0,0,0,0,0,148,387,39,0,187,387
POA3833,119,253,0,0,0,0,0,0,0,0,0,0,0,0,0,3,0,3,0,3,0,0,4,3,4,6,0,0,123,262,178,0,301,262
POA3835,186,491,0,0,0,0,0,0,0,0,0,0,0,0,0,0,0,0,0,0,0,0,0,0,0,0,0,0,186,491,46,0,232,491
POA3840,5716,14045,202,281,9,14,211,295,644,912,3,4,0,0,4,13,651,929,14,14,0,3,8,24,22,41,3,0,6603,15310,839,0,7442,15310
POA3842,1667,4195,0,3,14,41,14,44,41,66,0,0,0,0,0,0,41,66,0,0,0,3,0,0,0,3,0,3,1722,4311,176,0,1898,4311
POA3844,9082,23345,131,227,23,56,154,283,929,1349,10,10,0,0,4,7,943,1366,185,270,11,28,4,10,200,308,3,17,10382,25319,1069,0,11451,25319
POA3847,782,1968,0,0,4,3,4,3,15,23,0,0,0,0,0,0,15,23,9,24,0,3,6,5,15,32,0,0,816,2026,90,0,906,2026
POA3850,4733,11867,480,664,29,46,509,710,286,424,29,56,0,0,0,0,315,480,26,41,0,0,10,14,36,55,0,3,5593,13115,624,0,6217,13115
POA3851,1533,3626,15,27,36,69,51,96,3,4,0,0,0,0,0,0,3,4,8,7,0,0,3,7,11,14,0,0,1598,3740,2073,0,3671,3740
POA3852,20,51,0,0,0,0,0,0,0,0,0,0,0,0,0,0,0,0,0,0,0,0,0,0,0,0,0,0,20,51,0,0,20,51
POA3854,482,1358,3,0,0,0,3,0,9,12,0,0,0,0,0,0,9,12,0,0,0,5,0,0,0,5,0,0,494,1375,47,0,541,1375
POA3856,334,869,3,3,0,0,3,3,0,0,0,0,0,0,0,0,0,0,0,0,0,0,0,0,0,0,0,0,337,872,17,0,354,872
POA3857,118,311,0,0,0,0,0,0,0,0,0,0,0,0,4,3,4,3,0,3,0,3,0,3,0,9,0,0,122,323,25,0,147,323
POA3858,1061,2615,12,13,0,0,12,13,33,47,0,0,0,0,0,0,33,47,4,7,3,8,3,3,10,18,0,0,1116,2693,229,0,1345,2693
POA3859,303,827,0,0,0,0,0,0,0,0,0,0,0,0,0,0,0,0,0,0,0,0,0,3,0,3,0,0,303,830,38,0,341,830
POA3860,2496,6105,20,35,0,0,20,35,113,152,0,0,0,0,3,3,116,155,3,4,3,7,11,28,17,39,0,0,2649,6334,539,0,3188,6334
POA3862,1105,2757,0,0,0,0,0,0,21,27,0,0,0,0,0,0,21,27,9,12,3,3,9,28,21,43,3,3,1150,2830,244,0,1394,2830
POA3864,138,360,0,0,0,0,0,0,0,0,0,0,0,0,0,0,0,0,3,0,0,0,0,0,3,0,0,0,141,360,27,0,168,360
POA3865,159,376,0,0,0,0,0,0,0,0,0,0,0,0,0,0,0,0,0,0,0,0,0,0,0,0,3,0,162,376,19,0,181,376
POA3869,511,1358,0,0,3,12,3,12,16,20,0,0,0,0,0,0,16,20,3,3,0,3,0,0,3,6,0,0,533,1396,67,0,600,1396
POA3870,558,1419,0,0,0,0,0,0,12,13,0,0,0,0,0,0,12,13,9,12,3,6,0,0,12,18,0,0,582,1450,131,0,713,1450
POA3871,969,2512,13,14,0,0,13,14,18,17,0,0,0,0,0,0,18,17,3,3,3,3,5,11,11,17,0,0,1011,2560,192,0,1203,2560
POA3873,170,427,0,0,0,0,0,0,0,0,0,0,0,0,0,0,0,0,3,3,0,0,0,0,3,3,0,0,173,430,19,0,192,430
POA3874,199,441,3,6,0,0,3,6,0,0,0,0,0,0,0,0,0,0,5,4,0,0,0,0,5,4,0,0,207,451,168,0,375,451
POA3875,5747,14273,155,214,5,14,160,228,591,856,0,0,0,0,0,4,591,860,58,84,3,18,9,11,70,113,3,18,6571,15492,947,0,7518,15492
POA3878,285,643,3,4,0,0,3,4,6,13,0,0,0,0,0,0,6,13,0,5,0,0,0,0,0,5,0,0,294,665,83,0,377,665
POA3880,1290,2833,119,170,5,13,124,183,107,169,0,0,0,0,0,5,107,174,39,57,0,0,0,4,39,61,3,4,1563,3255,817,0,2380,3255
POA3882,349,848,0,0,0,0,0,0,7,4,0,0,0,0,0,0,7,4,30,41,0,0,0,0,30,41,0,0,386,893,48,0,434,893
POA3885,678,1616,3,4,0,0,3,4,10,14,0,0,0,0,3,5,13,19,3,11,0,3,10,17,13,31,0,0,707,1670,108,0,815,1670
POA3886,153,406,3,3,0,0,3,3,3,3,0,0,0,0,0,0,3,3,0,0,0,0,0,0,0,0,0,0,159,412,25,0,184,412
POA3887,128,302,0,0,0,0,0,0,0,3,0,0,0,0,0,0,0,3,9,10,0,0,0,0,9,10,0,0,137,315,20,0,157,315
POA3888,1467,3388,34,46,0,0,34,46,11,12,0,0,0,0,0,0,11,12,8,13,0,0,0,0,8,13,0,0,1520,3459,434,0,1954,3459
POA3889,124,233,3,3,0,0,3,3,0,0,0,0,0,0,0,0,0,0,3,3,0,7,0,0,3,10,0,5,130,251,150,0,280,251
POA3890,76,141,0,0,0,0,0,0,5,9,0,0,0,0,0,0,5,9,0,0,0,0,3,3,3,3,0,0,84,153,36,0,120,153
POA3891,82,161,0,0,0,0,0,0,0,0,0,0,0,0,0,0,0,0,4,3,0,0,0,0,4,3,0,0,86,164,54,0,140,164
POA3892,352,696,0,0,0,0,0,0,98,189,0,0,0,0,0,0,98,189,11,25,0,0,7,14,18,39,0,0,468,924,283,0,751,924
POA3895,79,145,0,0,0,0,0,0,0,0,0,0,0,0,0,0,0,0,0,0,0,0,0,4,0,4,0,0,79,149,53,0,132,149
POA3896,166,368,5,3,0,0,5,3,0,0,0,0,0,0,0,0,0,0,0,3,0,0,0,0,0,3,0,0,171,374,87,0,258,374
POA3898,212,485,4,9,0,3,4,12,7,13,0,0,0,0,0,0,7,13,3,0,0,3,3,8,6,11,0,3,229,524,296,0,525,524
POA3900,95,216,0,0,0,0,0,0,0,0,0,0,0,0,0,0,0,0,0,0,0,0,0,0,0,0,0,0,95,216,118,0,213,216
POA3902,123,283,0,0,0,0,0,0,0,0,0,0,0,0,0,0,0,0,29,41,0,0,0,0,29,41,0,5,152,329,26,0,178,329
POA3903,213,512,0,0,0,0,0,0,0,0,0,0,0,0,0,0,0,0,55,70,3,4,0,0,58,74,0,0,271,586,45,0,316,586
POA3904,475,1020,4,7,0,0,4,7,5,9,0,0,0,0,0,0,5,9,0,3,0,0,6,8,6,11,0,0,490,1047,386,0,876,1047
POA3909,2407,5780,245,517,21,33,266,550,195,312,0,0,0,0,0,0,195,312,108,177,0,0,17,32,125,209,7,6,3000,6857,1110,0,4110,6857
POA3910,6508,18941,425,708,33,83,458,791,438,788,5,4,10,20,10,16,463,828,109,155,0,0,0,7,109,162,0,0,7538,20722,431,0,7969,20722
POA3911,1140,3058,5,4,0,0,5,4,35,65,0,0,0,0,0,0,35,65,0,0,0,0,0,4,0,4,0,0,1180,3131,50,0,1230,3131
POA3912,4457,12945,349,557,10,22,359,579,196,333,0,0,0,0,7,17,203,350,44,59,0,0,0,3,44,62,0,0,5063,13936,284,0,5347,13936
POA3913,1061,2978,38,90,6,15,44,105,35,57,0,0,0,0,0,0,35,57,0,7,0,0,6,7,6,14,0,8,1146,3162,79,0,1225,3162
POA3915,2600,6974,588,1002,33,67,621,1069,89,138,0,0,0,0,4,10,93,148,176,257,0,0,4,0,180,257,0,3,3494,8451,325,0,3819,8451
POA3916,201,486,0,0,0,0,0,0,0,0,0,0,0,0,0,0,0,0,0,0,0,0,0,0,0,0,0,0,201,486,329,0,530,486
POA3918,1073,3040,16,29,0,0,16,29,54,92,0,0,0,0,4,4,58,96,3,3,0,0,0,0,3,3,0,0,1150,3168,112,0,1262,3168
POA3919,905,2428,14,26,0,0,14,26,108,183,0,0,0,0,3,0,111,183,0,3,0,0,0,0,0,3,0,3,1030,2643,139,0,1169,2643
POA3920,84,248,0,5,8,14,8,19,4,13,0,0,0,0,0,0,4,13,0,0,0,0,0,0,0,0,0,0,96,280,21,0,117,280
POA3921,44,92,0,0,0,0,0,0,0,0,0,0,0,0,0,0,0,0,0,0,0,0,0,0,0,0,0,0,44,92,54,0,98,92
POA3922,2454,5523,129,171,30,65,159,236,71,111,6,16,0,0,0,3,77,130,17,30,0,0,3,6,20,36,6,5,2716,5930,5142,0,7858,5930
POA3923,264,565,0,0,0,3,0,3,3,9,0,3,0,0,0,0,3,12,0,0,0,0,4,15,4,15,0,0,271,595,278,0,549,595
POA3925,1051,2428,26,42,19,30,45,72,14,28,9,13,0,0,0,6,23,47,6,9,0,0,8,25,14,34,3,4,1136,2585,1451,0,2587,2585
POA3926,1149,2901,18,29,0,0,18,29,5,11,0,0,0,0,3,0,8,11,3,3,3,8,0,0,6,11,0,0,1181,2952,615,0,1796,2952
POA3927,524,1231,0,0,0,0,0,0,0,0,0,0,0,0,0,0,0,0,6,8,0,0,0,0,6,8,0,0,530,1239,542,0,1072,1239
POA3928,171,431,0,0,0,0,0,0,0,0,0,0,0,0,0,0,0,0,0,0,0,0,0,0,0,0,0,0,171,431,119,0,290,431
POA3929,309,674,0,0,0,3,0,3,0,0,0,0,0,0,0,0,0,0,3,3,0,0,3,9,6,12,0,0,315,689,567,0,882,689
POA3930,5378,15141,250,364,34,62,284,426,158,229,0,0,0,0,0,4,158,233,0,0,0,0,0,0,0,0,0,0,5820,15800,600,0,6420,15800
POA3931,6356,16545,1296,2044,358,730,1654,2774,764,1120,49,69,0,0,5,3,818,1192,120,156,0,0,6,15,126,171,3,8,8957,20690,1236,0,10193,20690
POA3933,331,958,3,9,0,0,3,9,0,0,0,0,0,0,0,4,0,4,0,0,0,0,0,0,0,0,0,0,334,971,32,0,366,971
POA3934,5252,14578,359,625,95,204,454,829,137,175,0,0,0,0,0,0,137,175,0,0,0,0,0,0,0,0,0,0,5843,15582,1509,0,7352,15582
POA3936,3044,7087,185,299,61,144,246,443,311,538,6,17,20,54,0,4,337,613,27,49,0,0,6,7,33,56,10,9,3670,8208,3135,0,6805,8208
POA3937,650,1663,0,0,0,0,0,0,0,0,0,0,0,0,0,0,0,0,0,0,0,0,3,4,3,4,0,0,653,1667,450,0,1103,1667
POA3938,938,2145,30,56,7,11,37,67,11,18,4,7,0,0,0,0,15,25,0,0,0,0,0,0,0,0,0,0,990,2237,756,0,1746,2237
POA3939,4952,11450,336,496,31,60,367,556,323,481,0,0,0,0,7,7,330,488,38,47,0,0,5,15,43,62,3,3,5695,12559,2701,0,8396,12559
POA3940,1189,2677,622,936,23,37,645,973,92,127,0,5,0,0,4,8,96,140,53,60,0,0,0,4,53,64,0,3,1983,3857,1133,0,3116,3857
POA3941,4276,9906,83,123,49,102,132,225,98,143,0,0,0,0,0,0,98,143,33,46,4,3,6,14,43,63,0,0,4549,10337,6573,0,11122,10337
POA3942,871,1818,0,0,0,4,0,4,5,8,0,0,0,0,0,0,5,8,0,0,0,0,0,0,0,0,4,7,880,1837,2388,0,3268,1837
POA3943,537,1047,27,51,5,10,32,61,10,21,0,0,0,0,4,3,14,24,0,0,0,0,0,0,0,0,0,0,583,1132,2265,0,2848,1132
POA3944,149,284,3,5,3,11,6,16,4,4,0,0,0,0,0,0,4,4,0,0,0,0,0,7,0,7,0,0,159,311,1147,0,1306,311
POA3945,356,889,6,6,0,0,6,6,0,0,0,0,0,0,0,0,0,0,0,0,3,6,3,3,6,9,0,0,368,904,81,0,449,904
POA3950,1619,4042,48,62,0,0,48,62,87,125,0,0,0,0,0,0,87,125,13,26,0,0,5,12,18,38,4,3,1776,4270,248,0,2024,4270
POA3951,334,864,0,0,0,0,0,0,0,0,0,0,0,0,0,0,0,0,3,4,0,0,0,0,3,4,0,0,337,868,89,0,426,868
POA3953,2583,6337,155,227,3,3,158,230,52,67,0,0,0,0,0,0,52,67,5,17,0,0,5,8,10,25,0,0,2803,6659,378,0,3181,6659
POA3954,136,351,0,0,0,0,0,0,0,0,0,0,0,0,0,0,0,0,0,0,0,0,0,0,0,0,0,3,136,354,21,0,157,354
POA3956,869,1968,15,26,5,5,20,31,3,0,0,0,0,0,0,3,3,3,0,0,0,0,3,3,3,3,0,0,895,2005,1738,0,2633,2005
POA3957,167,413,0,0,0,0,0,0,0,0,0,0,0,0,0,0,0,0,0,0,0,0,0,0,0,0,0,0,167,413,64,0,231,413
POA3958,177,468,0,0,0,0,0,0,0,0,0,0,0,0,0,0,0,0,0,0,0,0,0,0,0,0,0,0,177,468,39,0,216,468
POA3959,363,853,0,0,0,0,0,0,0,0,0,0,0,0,0,0,0,0,0,3,3,5,3,7,6,15,0,0,369,868,659,0,1028,868
POA3960,871,1933,0,0,0,0,0,0,78,103,0,0,0,0,0,0,78,103,21,26,0,3,3,3,24,32,0,0,973,2068,301,0,1274,2068
POA3962,477,1048,13,9,0,0,13,9,0,0,0,0,0,0,0,0,0,0,0,4,0,0,0,0,0,4,0,0,490,1061,152,0,642,1061
POA3965,87,151,0,0,0,0,0,0,0,0,0,0,0,0,0,0,0,0,0,0,0,0,0,0,0,0,0,0,87,151,120,0,207,151
POA3966,272,610,0,0,0,0,0,0,0,0,0,0,0,0,0,0,0,0,0,0,0,0,4,7,4,7,0,0,276,617,104,0,380,617
POA3971,1547,3509,13,20,5,9,18,29,50,67,0,0,0,0,3,5,53,72,21,29,0,0,4,6,25,35,3,4,1646,3649,484,0,2130,3649
POA3975,3383,11038,11,24,57,133,68,157,5,13,0,0,0,0,0,0,5,13,0,0,0,0,0,0,0,0,0,0,3456,11208,235,0,3691,11208
POA3976,6357,20290,662,1909,71,271,733,2180,133,299,0,0,82,168,3,0,218,467,0,3,0,0,3,6,3,9,0,0,7311,22946,366,0,7677,22946
POA3977,20546,60897,456,1044,56,136,512,1180,1304,2261,9,27,10,22,13,19,1336,2329,4,0,0,5,7,28,11,33,3,7,22408,64446,1450,0,23858,64446
POA3978,391,1146,3,4,0,0,3,4,0,0,0,0,0,0,0,0,0,0,3,7,0,0,0,3,3,10,0,0,397,1160,44,0,441,1160
POA3979,252,634,0,0,0,4,0,4,0,0,0,0,0,0,0,0,0,0,0,0,0,5,3,0,3,5,0,0,255,643,73,0,328,643
POA3980,1077,2928,0,0,0,0,0,0,4,3,0,0,0,0,0,0,4,3,23,31,0,0,0,0,23,31,0,0,1104,2962,89,0,1193,2962
POA3981,1369,3816,44,53,0,3,44,56,0,3,19,32,40,79,3,4,62,118,3,4,0,0,12,28,15,32,3,3,1493,4025,125,0,1618,4025
POA3984,1868,4245,18,34,3,7,21,41,20,40,0,0,0,0,7,13,27,53,37,49,0,3,3,11,40,63,0,0,1956,4402,936,0,2892,4402
POA3987,447,1241,0,0,0,0,0,0,0,0,0,0,0,0,0,0,0,0,3,3,0,0,0,0,3,3,0,0,450,1244,48,0,498,1244
POA3988,320,848,0,0,0,0,0,0,0,0,0,0,0,0,0,0,0,0,0,0,0,0,4,6,4,6,0,0,324,854,49,0,373,854
POA3991,157,389,0,0,0,3,0,3,0,0,0,0,0,0,0,0,0,0,8,10,0,0,0,0,8,10,0,0,165,402,54,0,219,402
POA3992,233,548,0,0,0,0,0,0,0,0,0,0,0,0,0,3,0,3,0,0,0,0,0,7,0,7,0,0,233,558,60,0,293,558
POA3995,3131,7637,244,367,19,37,263,404,254,362,0,0,0,0,0,0,254,362,21,24,0,3,0,5,21,32,0,3,3669,8438,1305,0,4974,8438
POA3996,1810,4068,34,50,30,64,64,114,110,151,0,0,0,0,0,0,110,151,9,23,0,0,0,0,9,23,5,9,1998,4365,1826,0,3824,4365
